path,true,lowpass,clean,adv,file,clean_path,adv_path,model_fail,adv_success,allowed_suffixes
victim_models/dataset/ModelNet10/bathtub/test/bathtub_0108.off,0,44,1,1,bathtub_0108.off,../dataset/ModelNet10/bathtub/test/bathtub_0108.off,../dataset/ModelNet10_attacked_pts_2048_lowpass_spec0125/bathtub/test/bathtub_0108.off,True,False,bathtub/test/bathtub_0108.npz
victim_models/dataset/ModelNet10/bathtub/test/bathtub_0116.off,0,41,3,3,bathtub_0116.off,../dataset/ModelNet10/bathtub/test/bathtub_0116.off,../dataset/ModelNet10_attacked_pts_2048_lowpass_spec0125/bathtub/test/bathtub_0116.off,True,False,bathtub/test/bathtub_0116.npz
victim_models/dataset/ModelNet10/bathtub/test/bathtub_0123.off,0,156,1,1,bathtub_0123.off,../dataset/ModelNet10/bathtub/test/bathtub_0123.off,../dataset/ModelNet10_attacked_pts_2048_lowpass_spec0125/bathtub/test/bathtub_0123.off,True,False,bathtub/test/bathtub_0123.npz
victim_models/dataset/ModelNet10/bathtub/test/bathtub_0127.off,0,95,1,1,bathtub_0127.off,../dataset/ModelNet10/bathtub/test/bathtub_0127.off,../dataset/ModelNet10_attacked_pts_2048_lowpass_spec0125/bathtub/test/bathtub_0127.off,True,False,bathtub/test/bathtub_0127.npz
victim_models/dataset/ModelNet10/bathtub/test/bathtub_0131.off,0,171,1,1,bathtub_0131.off,../dataset/ModelNet10/bathtub/test/bathtub_0131.off,../dataset/ModelNet10_attacked_pts_2048_lowpass_spec0125/bathtub/test/bathtub_0131.off,True,False,bathtub/test/bathtub_0131.npz
victim_models/dataset/ModelNet10/bathtub/test/bathtub_0134.off,0,150,0,1,bathtub_0134.off,../dataset/ModelNet10/bathtub/test/bathtub_0134.off,../dataset/ModelNet10_attacked_pts_2048_lowpass_spec0125/bathtub/test/bathtub_0134.off,False,True,bathtub/test/bathtub_0134.npz
victim_models/dataset/ModelNet10/bathtub/test/bathtub_0139.off,0,211,0,1,bathtub_0139.off,../dataset/ModelNet10/bathtub/test/bathtub_0139.off,../dataset/ModelNet10_attacked_pts_2048_lowpass_spec0125/bathtub/test/bathtub_0139.off,False,True,bathtub/test/bathtub_0139.npz
victim_models/dataset/ModelNet10/bathtub/test/bathtub_0143.off,0,130,2,2,bathtub_0143.off,../dataset/ModelNet10/bathtub/test/bathtub_0143.off,../dataset/ModelNet10_attacked_pts_2048_lowpass_spec0125/bathtub/test/bathtub_0143.off,True,False,bathtub/test/bathtub_0143.npz
victim_models/dataset/ModelNet10/bathtub/test/bathtub_0147.off,0,192,2,2,bathtub_0147.off,../dataset/ModelNet10/bathtub/test/bathtub_0147.off,../dataset/ModelNet10_attacked_pts_2048_lowpass_spec0125/bathtub/test/bathtub_0147.off,True,False,bathtub/test/bathtub_0147.npz
victim_models/dataset/ModelNet10/bathtub/test/bathtub_0152.off,0,106,1,1,bathtub_0152.off,../dataset/ModelNet10/bathtub/test/bathtub_0152.off,../dataset/ModelNet10_attacked_pts_2048_lowpass_spec0125/bathtub/test/bathtub_0152.off,True,False,bathtub/test/bathtub_0152.npz
victim_models/dataset/ModelNet10/bed/test/bed_0520.off,1,52,1,7,bed_0520.off,../dataset/ModelNet10/bed/test/bed_0520.off,../dataset/ModelNet10_attacked_pts_2048_lowpass_spec0125/bed/test/bed_0520.off,False,True,bed/test/bed_0520.npz
victim_models/dataset/ModelNet10/bed/test/bed_0525.off,1,251,2,2,bed_0525.off,../dataset/ModelNet10/bed/test/bed_0525.off,../dataset/ModelNet10_attacked_pts_2048_lowpass_spec0125/bed/test/bed_0525.off,True,False,bed/test/bed_0525.npz
victim_models/dataset/ModelNet10/bed/test/bed_0529.off,1,96,1,7,bed_0529.off,../dataset/ModelNet10/bed/test/bed_0529.off,../dataset/ModelNet10_attacked_pts_2048_lowpass_spec0125/bed/test/bed_0529.off,False,True,bed/test/bed_0529.npz
victim_models/dataset/ModelNet10/bed/test/bed_0535.off,1,214,1,9,bed_0535.off,../dataset/ModelNet10/bed/test/bed_0535.off,../dataset/ModelNet10_attacked_pts_2048_lowpass_spec0125/bed/test/bed_0535.off,False,True,bed/test/bed_0535.npz
victim_models/dataset/ModelNet10/bed/test/bed_0540.off,1,203,1,1,bed_0540.off,../dataset/ModelNet10/bed/test/bed_0540.off,../dataset/ModelNet10_attacked_pts_2048_lowpass_spec0125/bed/test/bed_0540.off,False,False,bed/test/bed_0540.npz
victim_models/dataset/ModelNet10/bed/test/bed_0543.off,1,76,2,2,bed_0543.off,../dataset/ModelNet10/bed/test/bed_0543.off,../dataset/ModelNet10_attacked_pts_2048_lowpass_spec0125/bed/test/bed_0543.off,True,False,bed/test/bed_0543.npz
victim_models/dataset/ModelNet10/bed/test/bed_0547.off,1,71,1,2,bed_0547.off,../dataset/ModelNet10/bed/test/bed_0547.off,../dataset/ModelNet10_attacked_pts_2048_lowpass_spec0125/bed/test/bed_0547.off,False,True,bed/test/bed_0547.npz
victim_models/dataset/ModelNet10/bed/test/bed_0551.off,1,117,2,2,bed_0551.off,../dataset/ModelNet10/bed/test/bed_0551.off,../dataset/ModelNet10_attacked_pts_2048_lowpass_spec0125/bed/test/bed_0551.off,True,False,bed/test/bed_0551.npz
victim_models/dataset/ModelNet10/bed/test/bed_0553.off,1,54,1,2,bed_0553.off,../dataset/ModelNet10/bed/test/bed_0553.off,../dataset/ModelNet10_attacked_pts_2048_lowpass_spec0125/bed/test/bed_0553.off,False,True,bed/test/bed_0553.npz
victim_models/dataset/ModelNet10/bed/test/bed_0563.off,1,253,1,2,bed_0563.off,../dataset/ModelNet10/bed/test/bed_0563.off,../dataset/ModelNet10_attacked_pts_2048_lowpass_spec0125/bed/test/bed_0563.off,False,True,bed/test/bed_0563.npz
victim_models/dataset/ModelNet10/bed/test/bed_0572.off,1,35,1,2,bed_0572.off,../dataset/ModelNet10/bed/test/bed_0572.off,../dataset/ModelNet10_attacked_pts_2048_lowpass_spec0125/bed/test/bed_0572.off,False,True,bed/test/bed_0572.npz
victim_models/dataset/ModelNet10/bed/test/bed_0580.off,1,248,1,7,bed_0580.off,../dataset/ModelNet10/bed/test/bed_0580.off,../dataset/ModelNet10_attacked_pts_2048_lowpass_spec0125/bed/test/bed_0580.off,False,True,bed/test/bed_0580.npz
victim_models/dataset/ModelNet10/bed/test/bed_0582.off,1,86,1,2,bed_0582.off,../dataset/ModelNet10/bed/test/bed_0582.off,../dataset/ModelNet10_attacked_pts_2048_lowpass_spec0125/bed/test/bed_0582.off,False,True,bed/test/bed_0582.npz
victim_models/dataset/ModelNet10/bed/test/bed_0588.off,1,152,1,7,bed_0588.off,../dataset/ModelNet10/bed/test/bed_0588.off,../dataset/ModelNet10_attacked_pts_2048_lowpass_spec0125/bed/test/bed_0588.off,False,True,bed/test/bed_0588.npz
victim_models/dataset/ModelNet10/bed/test/bed_0593.off,1,235,1,2,bed_0593.off,../dataset/ModelNet10/bed/test/bed_0593.off,../dataset/ModelNet10_attacked_pts_2048_lowpass_spec0125/bed/test/bed_0593.off,False,True,bed/test/bed_0593.npz
victim_models/dataset/ModelNet10/bed/test/bed_0597.off,1,37,1,2,bed_0597.off,../dataset/ModelNet10/bed/test/bed_0597.off,../dataset/ModelNet10_attacked_pts_2048_lowpass_spec0125/bed/test/bed_0597.off,False,True,bed/test/bed_0597.npz
victim_models/dataset/ModelNet10/bed/test/bed_0603.off,1,72,2,2,bed_0603.off,../dataset/ModelNet10/bed/test/bed_0603.off,../dataset/ModelNet10_attacked_pts_2048_lowpass_spec0125/bed/test/bed_0603.off,True,False,bed/test/bed_0603.npz
victim_models/dataset/ModelNet10/bed/test/bed_0605.off,1,22,1,2,bed_0605.off,../dataset/ModelNet10/bed/test/bed_0605.off,../dataset/ModelNet10_attacked_pts_2048_lowpass_spec0125/bed/test/bed_0605.off,False,True,bed/test/bed_0605.npz
victim_models/dataset/ModelNet10/bed/test/bed_0608.off,1,56,1,2,bed_0608.off,../dataset/ModelNet10/bed/test/bed_0608.off,../dataset/ModelNet10_attacked_pts_2048_lowpass_spec0125/bed/test/bed_0608.off,False,True,bed/test/bed_0608.npz
victim_models/dataset/ModelNet10/bed/test/bed_0613.off,1,47,1,2,bed_0613.off,../dataset/ModelNet10/bed/test/bed_0613.off,../dataset/ModelNet10_attacked_pts_2048_lowpass_spec0125/bed/test/bed_0613.off,False,True,bed/test/bed_0613.npz
victim_models/dataset/ModelNet10/chair/test/chair_0895.off,2,226,1,1,chair_0895.off,../dataset/ModelNet10/chair/test/chair_0895.off,../dataset/ModelNet10_attacked_pts_2048_lowpass_spec0125/chair/test/chair_0895.off,True,False,chair/test/chair_0895.npz
victim_models/dataset/ModelNet10/chair/test/chair_0897.off,2,94,2,3,chair_0897.off,../dataset/ModelNet10/chair/test/chair_0897.off,../dataset/ModelNet10_attacked_pts_2048_lowpass_spec0125/chair/test/chair_0897.off,False,True,chair/test/chair_0897.npz
victim_models/dataset/ModelNet10/chair/test/chair_0913.off,2,108,2,5,chair_0913.off,../dataset/ModelNet10/chair/test/chair_0913.off,../dataset/ModelNet10_attacked_pts_2048_lowpass_spec0125/chair/test/chair_0913.off,False,True,chair/test/chair_0913.npz
victim_models/dataset/ModelNet10/chair/test/chair_0925.off,2,21,2,2,chair_0925.off,../dataset/ModelNet10/chair/test/chair_0925.off,../dataset/ModelNet10_attacked_pts_2048_lowpass_spec0125/chair/test/chair_0925.off,False,False,chair/test/chair_0925.npz
victim_models/dataset/ModelNet10/chair/test/chair_0939.off,2,82,2,2,chair_0939.off,../dataset/ModelNet10/chair/test/chair_0939.off,../dataset/ModelNet10_attacked_pts_2048_lowpass_spec0125/chair/test/chair_0939.off,False,False,chair/test/chair_0939.npz
victim_models/dataset/ModelNet10/chair/test/chair_0946.off,2,171,2,8,chair_0946.off,../dataset/ModelNet10/chair/test/chair_0946.off,../dataset/ModelNet10_attacked_pts_2048_lowpass_spec0125/chair/test/chair_0946.off,False,True,chair/test/chair_0946.npz
victim_models/dataset/ModelNet10/chair/test/chair_0950.off,2,32,2,8,chair_0950.off,../dataset/ModelNet10/chair/test/chair_0950.off,../dataset/ModelNet10_attacked_pts_2048_lowpass_spec0125/chair/test/chair_0950.off,False,True,chair/test/chair_0950.npz
victim_models/dataset/ModelNet10/chair/test/chair_0958.off,2,78,2,6,chair_0958.off,../dataset/ModelNet10/chair/test/chair_0958.off,../dataset/ModelNet10_attacked_pts_2048_lowpass_spec0125/chair/test/chair_0958.off,False,True,chair/test/chair_0958.npz
victim_models/dataset/ModelNet10/chair/test/chair_0974.off,2,211,2,3,chair_0974.off,../dataset/ModelNet10/chair/test/chair_0974.off,../dataset/ModelNet10_attacked_pts_2048_lowpass_spec0125/chair/test/chair_0974.off,False,True,chair/test/chair_0974.npz
victim_models/dataset/ModelNet10/chair/test/chair_0977.off,2,29,2,8,chair_0977.off,../dataset/ModelNet10/chair/test/chair_0977.off,../dataset/ModelNet10_attacked_pts_2048_lowpass_spec0125/chair/test/chair_0977.off,False,True,chair/test/chair_0977.npz
victim_models/dataset/ModelNet10/chair/test/chair_0984.off,2,179,2,8,chair_0984.off,../dataset/ModelNet10/chair/test/chair_0984.off,../dataset/ModelNet10_attacked_pts_2048_lowpass_spec0125/chair/test/chair_0984.off,False,True,chair/test/chair_0984.npz
victim_models/dataset/ModelNet10/desk/test/desk_0203.off,3,66,8,8,desk_0203.off,../dataset/ModelNet10/desk/test/desk_0203.off,../dataset/ModelNet10_attacked_pts_2048_lowpass_spec0125/desk/test/desk_0203.off,True,False,desk/test/desk_0203.npz
victim_models/dataset/ModelNet10/desk/test/desk_0206.off,3,114,2,2,desk_0206.off,../dataset/ModelNet10/desk/test/desk_0206.off,../dataset/ModelNet10_attacked_pts_2048_lowpass_spec0125/desk/test/desk_0206.off,True,False,desk/test/desk_0206.npz
victim_models/dataset/ModelNet10/desk/test/desk_0208.off,3,25,8,8,desk_0208.off,../dataset/ModelNet10/desk/test/desk_0208.off,../dataset/ModelNet10_attacked_pts_2048_lowpass_spec0125/desk/test/desk_0208.off,True,False,desk/test/desk_0208.npz
victim_models/dataset/ModelNet10/desk/test/desk_0214.off,3,41,2,2,desk_0214.off,../dataset/ModelNet10/desk/test/desk_0214.off,../dataset/ModelNet10_attacked_pts_2048_lowpass_spec0125/desk/test/desk_0214.off,True,False,desk/test/desk_0214.npz
victim_models/dataset/ModelNet10/desk/test/desk_0217.off,3,55,8,8,desk_0217.off,../dataset/ModelNet10/desk/test/desk_0217.off,../dataset/ModelNet10_attacked_pts_2048_lowpass_spec0125/desk/test/desk_0217.off,True,False,desk/test/desk_0217.npz
victim_models/dataset/ModelNet10/desk/test/desk_0221.off,3,176,2,2,desk_0221.off,../dataset/ModelNet10/desk/test/desk_0221.off,../dataset/ModelNet10_attacked_pts_2048_lowpass_spec0125/desk/test/desk_0221.off,True,False,desk/test/desk_0221.npz
victim_models/dataset/ModelNet10/desk/test/desk_0229.off,3,38,2,2,desk_0229.off,../dataset/ModelNet10/desk/test/desk_0229.off,../dataset/ModelNet10_attacked_pts_2048_lowpass_spec0125/desk/test/desk_0229.off,True,False,desk/test/desk_0229.npz
victim_models/dataset/ModelNet10/desk/test/desk_0233.off,3,183,2,2,desk_0233.off,../dataset/ModelNet10/desk/test/desk_0233.off,../dataset/ModelNet10_attacked_pts_2048_lowpass_spec0125/desk/test/desk_0233.off,True,False,desk/test/desk_0233.npz
victim_models/dataset/ModelNet10/desk/test/desk_0237.off,3,50,8,8,desk_0237.off,../dataset/ModelNet10/desk/test/desk_0237.off,../dataset/ModelNet10_attacked_pts_2048_lowpass_spec0125/desk/test/desk_0237.off,True,False,desk/test/desk_0237.npz
victim_models/dataset/ModelNet10/desk/test/desk_0239.off,3,217,3,8,desk_0239.off,../dataset/ModelNet10/desk/test/desk_0239.off,../dataset/ModelNet10_attacked_pts_2048_lowpass_spec0125/desk/test/desk_0239.off,False,True,desk/test/desk_0239.npz
victim_models/dataset/ModelNet10/desk/test/desk_0241.off,3,149,2,2,desk_0241.off,../dataset/ModelNet10/desk/test/desk_0241.off,../dataset/ModelNet10_attacked_pts_2048_lowpass_spec0125/desk/test/desk_0241.off,True,False,desk/test/desk_0241.npz
victim_models/dataset/ModelNet10/desk/test/desk_0246.off,3,23,1,1,desk_0246.off,../dataset/ModelNet10/desk/test/desk_0246.off,../dataset/ModelNet10_attacked_pts_2048_lowpass_spec0125/desk/test/desk_0246.off,True,False,desk/test/desk_0246.npz
victim_models/dataset/ModelNet10/desk/test/desk_0249.off,3,247,2,2,desk_0249.off,../dataset/ModelNet10/desk/test/desk_0249.off,../dataset/ModelNet10_attacked_pts_2048_lowpass_spec0125/desk/test/desk_0249.off,True,False,desk/test/desk_0249.npz
victim_models/dataset/ModelNet10/desk/test/desk_0253.off,3,176,3,2,desk_0253.off,../dataset/ModelNet10/desk/test/desk_0253.off,../dataset/ModelNet10_attacked_pts_2048_lowpass_spec0125/desk/test/desk_0253.off,False,True,desk/test/desk_0253.npz
victim_models/dataset/ModelNet10/desk/test/desk_0257.off,3,109,2,2,desk_0257.off,../dataset/ModelNet10/desk/test/desk_0257.off,../dataset/ModelNet10_attacked_pts_2048_lowpass_spec0125/desk/test/desk_0257.off,True,False,desk/test/desk_0257.npz
victim_models/dataset/ModelNet10/desk/test/desk_0262.off,3,121,5,5,desk_0262.off,../dataset/ModelNet10/desk/test/desk_0262.off,../dataset/ModelNet10_attacked_pts_2048_lowpass_spec0125/desk/test/desk_0262.off,True,False,desk/test/desk_0262.npz
victim_models/dataset/ModelNet10/desk/test/desk_0265.off,3,73,1,1,desk_0265.off,../dataset/ModelNet10/desk/test/desk_0265.off,../dataset/ModelNet10_attacked_pts_2048_lowpass_spec0125/desk/test/desk_0265.off,True,False,desk/test/desk_0265.npz
victim_models/dataset/ModelNet10/desk/test/desk_0268.off,3,192,1,1,desk_0268.off,../dataset/ModelNet10/desk/test/desk_0268.off,../dataset/ModelNet10_attacked_pts_2048_lowpass_spec0125/desk/test/desk_0268.off,True,False,desk/test/desk_0268.npz
victim_models/dataset/ModelNet10/desk/test/desk_0274.off,3,74,2,2,desk_0274.off,../dataset/ModelNet10/desk/test/desk_0274.off,../dataset/ModelNet10_attacked_pts_2048_lowpass_spec0125/desk/test/desk_0274.off,True,False,desk/test/desk_0274.npz
victim_models/dataset/ModelNet10/desk/test/desk_0276.off,3,200,2,2,desk_0276.off,../dataset/ModelNet10/desk/test/desk_0276.off,../dataset/ModelNet10_attacked_pts_2048_lowpass_spec0125/desk/test/desk_0276.off,True,False,desk/test/desk_0276.npz
victim_models/dataset/ModelNet10/desk/test/desk_0280.off,3,81,8,8,desk_0280.off,../dataset/ModelNet10/desk/test/desk_0280.off,../dataset/ModelNet10_attacked_pts_2048_lowpass_spec0125/desk/test/desk_0280.off,True,False,desk/test/desk_0280.npz
victim_models/dataset/ModelNet10/desk/test/desk_0284.off,3,173,2,2,desk_0284.off,../dataset/ModelNet10/desk/test/desk_0284.off,../dataset/ModelNet10_attacked_pts_2048_lowpass_spec0125/desk/test/desk_0284.off,True,False,desk/test/desk_0284.npz
victim_models/dataset/ModelNet10/dresser/test/dresser_0203.off,4,41,2,2,dresser_0203.off,../dataset/ModelNet10/dresser/test/dresser_0203.off,../dataset/ModelNet10_attacked_pts_2048_lowpass_spec0125/dresser/test/dresser_0203.off,True,False,dresser/test/dresser_0203.npz
victim_models/dataset/ModelNet10/dresser/test/dresser_0206.off,4,50,5,5,dresser_0206.off,../dataset/ModelNet10/dresser/test/dresser_0206.off,../dataset/ModelNet10_attacked_pts_2048_lowpass_spec0125/dresser/test/dresser_0206.off,True,False,dresser/test/dresser_0206.npz
victim_models/dataset/ModelNet10/dresser/test/dresser_0209.off,4,98,2,2,dresser_0209.off,../dataset/ModelNet10/dresser/test/dresser_0209.off,../dataset/ModelNet10_attacked_pts_2048_lowpass_spec0125/dresser/test/dresser_0209.off,True,False,dresser/test/dresser_0209.npz
victim_models/dataset/ModelNet10/dresser/test/dresser_0211.off,4,68,2,2,dresser_0211.off,../dataset/ModelNet10/dresser/test/dresser_0211.off,../dataset/ModelNet10_attacked_pts_2048_lowpass_spec0125/dresser/test/dresser_0211.off,True,False,dresser/test/dresser_0211.npz
victim_models/dataset/ModelNet10/dresser/test/dresser_0215.off,4,137,2,2,dresser_0215.off,../dataset/ModelNet10/dresser/test/dresser_0215.off,../dataset/ModelNet10_attacked_pts_2048_lowpass_spec0125/dresser/test/dresser_0215.off,True,False,dresser/test/dresser_0215.npz
victim_models/dataset/ModelNet10/dresser/test/dresser_0219.off,4,211,2,2,dresser_0219.off,../dataset/ModelNet10/dresser/test/dresser_0219.off,../dataset/ModelNet10_attacked_pts_2048_lowpass_spec0125/dresser/test/dresser_0219.off,True,False,dresser/test/dresser_0219.npz
victim_models/dataset/ModelNet10/dresser/test/dresser_0221.off,4,42,2,2,dresser_0221.off,../dataset/ModelNet10/dresser/test/dresser_0221.off,../dataset/ModelNet10_attacked_pts_2048_lowpass_spec0125/dresser/test/dresser_0221.off,True,False,dresser/test/dresser_0221.npz
victim_models/dataset/ModelNet10/dresser/test/dresser_0227.off,4,108,8,8,dresser_0227.off,../dataset/ModelNet10/dresser/test/dresser_0227.off,../dataset/ModelNet10_attacked_pts_2048_lowpass_spec0125/dresser/test/dresser_0227.off,True,False,dresser/test/dresser_0227.npz
victim_models/dataset/ModelNet10/dresser/test/dresser_0231.off,4,59,2,2,dresser_0231.off,../dataset/ModelNet10/dresser/test/dresser_0231.off,../dataset/ModelNet10_attacked_pts_2048_lowpass_spec0125/dresser/test/dresser_0231.off,True,False,dresser/test/dresser_0231.npz
victim_models/dataset/ModelNet10/dresser/test/dresser_0238.off,4,179,2,2,dresser_0238.off,../dataset/ModelNet10/dresser/test/dresser_0238.off,../dataset/ModelNet10_attacked_pts_2048_lowpass_spec0125/dresser/test/dresser_0238.off,True,False,dresser/test/dresser_0238.npz
victim_models/dataset/ModelNet10/dresser/test/dresser_0241.off,4,143,8,8,dresser_0241.off,../dataset/ModelNet10/dresser/test/dresser_0241.off,../dataset/ModelNet10_attacked_pts_2048_lowpass_spec0125/dresser/test/dresser_0241.off,True,False,dresser/test/dresser_0241.npz
victim_models/dataset/ModelNet10/dresser/test/dresser_0246.off,4,63,1,1,dresser_0246.off,../dataset/ModelNet10/dresser/test/dresser_0246.off,../dataset/ModelNet10_attacked_pts_2048_lowpass_spec0125/dresser/test/dresser_0246.off,True,False,dresser/test/dresser_0246.npz
victim_models/dataset/ModelNet10/dresser/test/dresser_0248.off,4,99,2,2,dresser_0248.off,../dataset/ModelNet10/dresser/test/dresser_0248.off,../dataset/ModelNet10_attacked_pts_2048_lowpass_spec0125/dresser/test/dresser_0248.off,True,False,dresser/test/dresser_0248.npz
victim_models/dataset/ModelNet10/dresser/test/dresser_0253.off,4,86,8,8,dresser_0253.off,../dataset/ModelNet10/dresser/test/dresser_0253.off,../dataset/ModelNet10_attacked_pts_2048_lowpass_spec0125/dresser/test/dresser_0253.off,True,False,dresser/test/dresser_0253.npz
victim_models/dataset/ModelNet10/dresser/test/dresser_0255.off,4,18,2,2,dresser_0255.off,../dataset/ModelNet10/dresser/test/dresser_0255.off,../dataset/ModelNet10_attacked_pts_2048_lowpass_spec0125/dresser/test/dresser_0255.off,True,False,dresser/test/dresser_0255.npz
victim_models/dataset/ModelNet10/dresser/test/dresser_0260.off,4,181,2,2,dresser_0260.off,../dataset/ModelNet10/dresser/test/dresser_0260.off,../dataset/ModelNet10_attacked_pts_2048_lowpass_spec0125/dresser/test/dresser_0260.off,True,False,dresser/test/dresser_0260.npz
victim_models/dataset/ModelNet10/dresser/test/dresser_0263.off,4,60,2,2,dresser_0263.off,../dataset/ModelNet10/dresser/test/dresser_0263.off,../dataset/ModelNet10_attacked_pts_2048_lowpass_spec0125/dresser/test/dresser_0263.off,True,False,dresser/test/dresser_0263.npz
victim_models/dataset/ModelNet10/dresser/test/dresser_0266.off,4,48,1,1,dresser_0266.off,../dataset/ModelNet10/dresser/test/dresser_0266.off,../dataset/ModelNet10_attacked_pts_2048_lowpass_spec0125/dresser/test/dresser_0266.off,True,False,dresser/test/dresser_0266.npz
victim_models/dataset/ModelNet10/dresser/test/dresser_0269.off,4,193,2,2,dresser_0269.off,../dataset/ModelNet10/dresser/test/dresser_0269.off,../dataset/ModelNet10_attacked_pts_2048_lowpass_spec0125/dresser/test/dresser_0269.off,True,False,dresser/test/dresser_0269.npz
victim_models/dataset/ModelNet10/dresser/test/dresser_0273.off,4,85,5,5,dresser_0273.off,../dataset/ModelNet10/dresser/test/dresser_0273.off,../dataset/ModelNet10_attacked_pts_2048_lowpass_spec0125/dresser/test/dresser_0273.off,True,False,dresser/test/dresser_0273.npz
victim_models/dataset/ModelNet10/dresser/test/dresser_0280.off,4,179,2,2,dresser_0280.off,../dataset/ModelNet10/dresser/test/dresser_0280.off,../dataset/ModelNet10_attacked_pts_2048_lowpass_spec0125/dresser/test/dresser_0280.off,True,False,dresser/test/dresser_0280.npz
victim_models/dataset/ModelNet10/dresser/test/dresser_0282.off,4,126,2,2,dresser_0282.off,../dataset/ModelNet10/dresser/test/dresser_0282.off,../dataset/ModelNet10_attacked_pts_2048_lowpass_spec0125/dresser/test/dresser_0282.off,True,False,dresser/test/dresser_0282.npz
victim_models/dataset/ModelNet10/dresser/test/dresser_0284.off,4,140,2,2,dresser_0284.off,../dataset/ModelNet10/dresser/test/dresser_0284.off,../dataset/ModelNet10_attacked_pts_2048_lowpass_spec0125/dresser/test/dresser_0284.off,True,False,dresser/test/dresser_0284.npz
victim_models/dataset/ModelNet10/monitor/test/monitor_0468.off,5,30,2,2,monitor_0468.off,../dataset/ModelNet10/monitor/test/monitor_0468.off,../dataset/ModelNet10_attacked_pts_2048_lowpass_spec0125/monitor/test/monitor_0468.off,True,False,monitor/test/monitor_0468.npz
victim_models/dataset/ModelNet10/monitor/test/monitor_0475.off,5,71,2,2,monitor_0475.off,../dataset/ModelNet10/monitor/test/monitor_0475.off,../dataset/ModelNet10_attacked_pts_2048_lowpass_spec0125/monitor/test/monitor_0475.off,True,False,monitor/test/monitor_0475.npz
victim_models/dataset/ModelNet10/monitor/test/monitor_0478.off,5,87,1,1,monitor_0478.off,../dataset/ModelNet10/monitor/test/monitor_0478.off,../dataset/ModelNet10_attacked_pts_2048_lowpass_spec0125/monitor/test/monitor_0478.off,True,False,monitor/test/monitor_0478.npz
victim_models/dataset/ModelNet10/monitor/test/monitor_0480.off,5,90,1,1,monitor_0480.off,../dataset/ModelNet10/monitor/test/monitor_0480.off,../dataset/ModelNet10_attacked_pts_2048_lowpass_spec0125/monitor/test/monitor_0480.off,True,False,monitor/test/monitor_0480.npz
victim_models/dataset/ModelNet10/monitor/test/monitor_0483.off,5,190,2,2,monitor_0483.off,../dataset/ModelNet10/monitor/test/monitor_0483.off,../dataset/ModelNet10_attacked_pts_2048_lowpass_spec0125/monitor/test/monitor_0483.off,True,False,monitor/test/monitor_0483.npz
victim_models/dataset/ModelNet10/monitor/test/monitor_0486.off,5,72,5,3,monitor_0486.off,../dataset/ModelNet10/monitor/test/monitor_0486.off,../dataset/ModelNet10_attacked_pts_2048_lowpass_spec0125/monitor/test/monitor_0486.off,False,True,monitor/test/monitor_0486.npz
victim_models/dataset/ModelNet10/monitor/test/monitor_0491.off,5,78,2,2,monitor_0491.off,../dataset/ModelNet10/monitor/test/monitor_0491.off,../dataset/ModelNet10_attacked_pts_2048_lowpass_spec0125/monitor/test/monitor_0491.off,True,False,monitor/test/monitor_0491.npz
victim_models/dataset/ModelNet10/monitor/test/monitor_0495.off,5,252,1,1,monitor_0495.off,../dataset/ModelNet10/monitor/test/monitor_0495.off,../dataset/ModelNet10_attacked_pts_2048_lowpass_spec0125/monitor/test/monitor_0495.off,True,False,monitor/test/monitor_0495.npz
victim_models/dataset/ModelNet10/monitor/test/monitor_0498.off,5,123,1,1,monitor_0498.off,../dataset/ModelNet10/monitor/test/monitor_0498.off,../dataset/ModelNet10_attacked_pts_2048_lowpass_spec0125/monitor/test/monitor_0498.off,True,False,monitor/test/monitor_0498.npz
victim_models/dataset/ModelNet10/monitor/test/monitor_0505.off,5,182,2,2,monitor_0505.off,../dataset/ModelNet10/monitor/test/monitor_0505.off,../dataset/ModelNet10_attacked_pts_2048_lowpass_spec0125/monitor/test/monitor_0505.off,True,False,monitor/test/monitor_0505.npz
victim_models/dataset/ModelNet10/monitor/test/monitor_0514.off,5,176,2,2,monitor_0514.off,../dataset/ModelNet10/monitor/test/monitor_0514.off,../dataset/ModelNet10_attacked_pts_2048_lowpass_spec0125/monitor/test/monitor_0514.off,True,False,monitor/test/monitor_0514.npz
victim_models/dataset/ModelNet10/monitor/test/monitor_0516.off,5,19,1,1,monitor_0516.off,../dataset/ModelNet10/monitor/test/monitor_0516.off,../dataset/ModelNet10_attacked_pts_2048_lowpass_spec0125/monitor/test/monitor_0516.off,True,False,monitor/test/monitor_0516.npz
victim_models/dataset/ModelNet10/monitor/test/monitor_0520.off,5,71,5,3,monitor_0520.off,../dataset/ModelNet10/monitor/test/monitor_0520.off,../dataset/ModelNet10_attacked_pts_2048_lowpass_spec0125/monitor/test/monitor_0520.off,False,True,monitor/test/monitor_0520.npz
victim_models/dataset/ModelNet10/monitor/test/monitor_0524.off,5,171,1,1,monitor_0524.off,../dataset/ModelNet10/monitor/test/monitor_0524.off,../dataset/ModelNet10_attacked_pts_2048_lowpass_spec0125/monitor/test/monitor_0524.off,True,False,monitor/test/monitor_0524.npz
victim_models/dataset/ModelNet10/monitor/test/monitor_0526.off,5,14,2,2,monitor_0526.off,../dataset/ModelNet10/monitor/test/monitor_0526.off,../dataset/ModelNet10_attacked_pts_2048_lowpass_spec0125/monitor/test/monitor_0526.off,True,False,monitor/test/monitor_0526.npz
victim_models/dataset/ModelNet10/monitor/test/monitor_0530.off,5,41,2,2,monitor_0530.off,../dataset/ModelNet10/monitor/test/monitor_0530.off,../dataset/ModelNet10_attacked_pts_2048_lowpass_spec0125/monitor/test/monitor_0530.off,True,False,monitor/test/monitor_0530.npz
victim_models/dataset/ModelNet10/monitor/test/monitor_0532.off,5,44,1,1,monitor_0532.off,../dataset/ModelNet10/monitor/test/monitor_0532.off,../dataset/ModelNet10_attacked_pts_2048_lowpass_spec0125/monitor/test/monitor_0532.off,True,False,monitor/test/monitor_0532.npz
victim_models/dataset/ModelNet10/monitor/test/monitor_0534.off,5,172,1,1,monitor_0534.off,../dataset/ModelNet10/monitor/test/monitor_0534.off,../dataset/ModelNet10_attacked_pts_2048_lowpass_spec0125/monitor/test/monitor_0534.off,True,False,monitor/test/monitor_0534.npz
victim_models/dataset/ModelNet10/monitor/test/monitor_0536.off,5,117,2,2,monitor_0536.off,../dataset/ModelNet10/monitor/test/monitor_0536.off,../dataset/ModelNet10_attacked_pts_2048_lowpass_spec0125/monitor/test/monitor_0536.off,True,False,monitor/test/monitor_0536.npz
victim_models/dataset/ModelNet10/monitor/test/monitor_0541.off,5,120,1,1,monitor_0541.off,../dataset/ModelNet10/monitor/test/monitor_0541.off,../dataset/ModelNet10_attacked_pts_2048_lowpass_spec0125/monitor/test/monitor_0541.off,True,False,monitor/test/monitor_0541.npz
victim_models/dataset/ModelNet10/monitor/test/monitor_0544.off,5,91,1,1,monitor_0544.off,../dataset/ModelNet10/monitor/test/monitor_0544.off,../dataset/ModelNet10_attacked_pts_2048_lowpass_spec0125/monitor/test/monitor_0544.off,True,False,monitor/test/monitor_0544.npz
victim_models/dataset/ModelNet10/monitor/test/monitor_0546.off,5,21,2,2,monitor_0546.off,../dataset/ModelNet10/monitor/test/monitor_0546.off,../dataset/ModelNet10_attacked_pts_2048_lowpass_spec0125/monitor/test/monitor_0546.off,True,False,monitor/test/monitor_0546.npz
victim_models/dataset/ModelNet10/monitor/test/monitor_0548.off,5,67,2,2,monitor_0548.off,../dataset/ModelNet10/monitor/test/monitor_0548.off,../dataset/ModelNet10_attacked_pts_2048_lowpass_spec0125/monitor/test/monitor_0548.off,True,False,monitor/test/monitor_0548.npz
victim_models/dataset/ModelNet10/monitor/test/monitor_0553.off,5,41,2,2,monitor_0553.off,../dataset/ModelNet10/monitor/test/monitor_0553.off,../dataset/ModelNet10_attacked_pts_2048_lowpass_spec0125/monitor/test/monitor_0553.off,True,False,monitor/test/monitor_0553.npz
victim_models/dataset/ModelNet10/monitor/test/monitor_0555.off,5,35,1,1,monitor_0555.off,../dataset/ModelNet10/monitor/test/monitor_0555.off,../dataset/ModelNet10_attacked_pts_2048_lowpass_spec0125/monitor/test/monitor_0555.off,True,False,monitor/test/monitor_0555.npz
victim_models/dataset/ModelNet10/monitor/test/monitor_0558.off,5,255,1,1,monitor_0558.off,../dataset/ModelNet10/monitor/test/monitor_0558.off,../dataset/ModelNet10_attacked_pts_2048_lowpass_spec0125/monitor/test/monitor_0558.off,True,False,monitor/test/monitor_0558.npz
victim_models/dataset/ModelNet10/monitor/test/monitor_0561.off,5,243,1,1,monitor_0561.off,../dataset/ModelNet10/monitor/test/monitor_0561.off,../dataset/ModelNet10_attacked_pts_2048_lowpass_spec0125/monitor/test/monitor_0561.off,True,False,monitor/test/monitor_0561.npz
victim_models/dataset/ModelNet10/monitor/test/monitor_0563.off,5,91,2,2,monitor_0563.off,../dataset/ModelNet10/monitor/test/monitor_0563.off,../dataset/ModelNet10_attacked_pts_2048_lowpass_spec0125/monitor/test/monitor_0563.off,True,False,monitor/test/monitor_0563.npz
victim_models/dataset/ModelNet10/monitor/test/monitor_0565.off,5,113,1,1,monitor_0565.off,../dataset/ModelNet10/monitor/test/monitor_0565.off,../dataset/ModelNet10_attacked_pts_2048_lowpass_spec0125/monitor/test/monitor_0565.off,True,False,monitor/test/monitor_0565.npz
victim_models/dataset/ModelNet10/night_stand/test/night_stand_0207.off,6,46,1,1,night_stand_0207.off,../dataset/ModelNet10/night_stand/test/night_stand_0207.off,../dataset/ModelNet10_attacked_pts_2048_lowpass_spec0125/night_stand/test/night_stand_0207.off,True,False,night_stand/test/night_stand_0207.npz
victim_models/dataset/ModelNet10/night_stand/test/night_stand_0210.off,6,96,3,3,night_stand_0210.off,../dataset/ModelNet10/night_stand/test/night_stand_0210.off,../dataset/ModelNet10_attacked_pts_2048_lowpass_spec0125/night_stand/test/night_stand_0210.off,True,False,night_stand/test/night_stand_0210.npz
victim_models/dataset/ModelNet10/night_stand/test/night_stand_0215.off,6,60,2,2,night_stand_0215.off,../dataset/ModelNet10/night_stand/test/night_stand_0215.off,../dataset/ModelNet10_attacked_pts_2048_lowpass_spec0125/night_stand/test/night_stand_0215.off,True,False,night_stand/test/night_stand_0215.npz
victim_models/dataset/ModelNet10/night_stand/test/night_stand_0217.off,6,196,8,8,night_stand_0217.off,../dataset/ModelNet10/night_stand/test/night_stand_0217.off,../dataset/ModelNet10_attacked_pts_2048_lowpass_spec0125/night_stand/test/night_stand_0217.off,True,False,night_stand/test/night_stand_0217.npz
victim_models/dataset/ModelNet10/night_stand/test/night_stand_0220.off,6,150,1,1,night_stand_0220.off,../dataset/ModelNet10/night_stand/test/night_stand_0220.off,../dataset/ModelNet10_attacked_pts_2048_lowpass_spec0125/night_stand/test/night_stand_0220.off,True,False,night_stand/test/night_stand_0220.npz
victim_models/dataset/ModelNet10/night_stand/test/night_stand_0222.off,6,142,2,2,night_stand_0222.off,../dataset/ModelNet10/night_stand/test/night_stand_0222.off,../dataset/ModelNet10_attacked_pts_2048_lowpass_spec0125/night_stand/test/night_stand_0222.off,True,False,night_stand/test/night_stand_0222.npz
victim_models/dataset/ModelNet10/night_stand/test/night_stand_0224.off,6,22,2,2,night_stand_0224.off,../dataset/ModelNet10/night_stand/test/night_stand_0224.off,../dataset/ModelNet10_attacked_pts_2048_lowpass_spec0125/night_stand/test/night_stand_0224.off,True,False,night_stand/test/night_stand_0224.npz
victim_models/dataset/ModelNet10/night_stand/test/night_stand_0228.off,6,30,8,8,night_stand_0228.off,../dataset/ModelNet10/night_stand/test/night_stand_0228.off,../dataset/ModelNet10_attacked_pts_2048_lowpass_spec0125/night_stand/test/night_stand_0228.off,True,False,night_stand/test/night_stand_0228.npz
victim_models/dataset/ModelNet10/night_stand/test/night_stand_0231.off,6,70,1,1,night_stand_0231.off,../dataset/ModelNet10/night_stand/test/night_stand_0231.off,../dataset/ModelNet10_attacked_pts_2048_lowpass_spec0125/night_stand/test/night_stand_0231.off,True,False,night_stand/test/night_stand_0231.npz
victim_models/dataset/ModelNet10/night_stand/test/night_stand_0233.off,6,114,1,1,night_stand_0233.off,../dataset/ModelNet10/night_stand/test/night_stand_0233.off,../dataset/ModelNet10_attacked_pts_2048_lowpass_spec0125/night_stand/test/night_stand_0233.off,True,False,night_stand/test/night_stand_0233.npz
victim_models/dataset/ModelNet10/night_stand/test/night_stand_0235.off,6,208,1,1,night_stand_0235.off,../dataset/ModelNet10/night_stand/test/night_stand_0235.off,../dataset/ModelNet10_attacked_pts_2048_lowpass_spec0125/night_stand/test/night_stand_0235.off,True,False,night_stand/test/night_stand_0235.npz
victim_models/dataset/ModelNet10/night_stand/test/night_stand_0238.off,6,182,2,2,night_stand_0238.off,../dataset/ModelNet10/night_stand/test/night_stand_0238.off,../dataset/ModelNet10_attacked_pts_2048_lowpass_spec0125/night_stand/test/night_stand_0238.off,True,False,night_stand/test/night_stand_0238.npz
victim_models/dataset/ModelNet10/night_stand/test/night_stand_0241.off,6,21,1,1,night_stand_0241.off,../dataset/ModelNet10/night_stand/test/night_stand_0241.off,../dataset/ModelNet10_attacked_pts_2048_lowpass_spec0125/night_stand/test/night_stand_0241.off,True,False,night_stand/test/night_stand_0241.npz
victim_models/dataset/ModelNet10/night_stand/test/night_stand_0243.off,6,36,1,1,night_stand_0243.off,../dataset/ModelNet10/night_stand/test/night_stand_0243.off,../dataset/ModelNet10_attacked_pts_2048_lowpass_spec0125/night_stand/test/night_stand_0243.off,True,False,night_stand/test/night_stand_0243.npz
victim_models/dataset/ModelNet10/night_stand/test/night_stand_0247.off,6,82,2,2,night_stand_0247.off,../dataset/ModelNet10/night_stand/test/night_stand_0247.off,../dataset/ModelNet10_attacked_pts_2048_lowpass_spec0125/night_stand/test/night_stand_0247.off,True,False,night_stand/test/night_stand_0247.npz
victim_models/dataset/ModelNet10/night_stand/test/night_stand_0251.off,6,80,1,1,night_stand_0251.off,../dataset/ModelNet10/night_stand/test/night_stand_0251.off,../dataset/ModelNet10_attacked_pts_2048_lowpass_spec0125/night_stand/test/night_stand_0251.off,True,False,night_stand/test/night_stand_0251.npz
victim_models/dataset/ModelNet10/night_stand/test/night_stand_0255.off,6,22,1,1,night_stand_0255.off,../dataset/ModelNet10/night_stand/test/night_stand_0255.off,../dataset/ModelNet10_attacked_pts_2048_lowpass_spec0125/night_stand/test/night_stand_0255.off,True,False,night_stand/test/night_stand_0255.npz
victim_models/dataset/ModelNet10/night_stand/test/night_stand_0258.off,6,230,2,2,night_stand_0258.off,../dataset/ModelNet10/night_stand/test/night_stand_0258.off,../dataset/ModelNet10_attacked_pts_2048_lowpass_spec0125/night_stand/test/night_stand_0258.off,True,False,night_stand/test/night_stand_0258.npz
victim_models/dataset/ModelNet10/night_stand/test/night_stand_0261.off,6,217,2,2,night_stand_0261.off,../dataset/ModelNet10/night_stand/test/night_stand_0261.off,../dataset/ModelNet10_attacked_pts_2048_lowpass_spec0125/night_stand/test/night_stand_0261.off,True,False,night_stand/test/night_stand_0261.npz
victim_models/dataset/ModelNet10/night_stand/test/night_stand_0264.off,6,116,2,2,night_stand_0264.off,../dataset/ModelNet10/night_stand/test/night_stand_0264.off,../dataset/ModelNet10_attacked_pts_2048_lowpass_spec0125/night_stand/test/night_stand_0264.off,True,False,night_stand/test/night_stand_0264.npz
victim_models/dataset/ModelNet10/night_stand/test/night_stand_0268.off,6,193,2,2,night_stand_0268.off,../dataset/ModelNet10/night_stand/test/night_stand_0268.off,../dataset/ModelNet10_attacked_pts_2048_lowpass_spec0125/night_stand/test/night_stand_0268.off,True,False,night_stand/test/night_stand_0268.npz
victim_models/dataset/ModelNet10/night_stand/test/night_stand_0272.off,6,191,2,2,night_stand_0272.off,../dataset/ModelNet10/night_stand/test/night_stand_0272.off,../dataset/ModelNet10_attacked_pts_2048_lowpass_spec0125/night_stand/test/night_stand_0272.off,True,False,night_stand/test/night_stand_0272.npz
victim_models/dataset/ModelNet10/night_stand/test/night_stand_0275.off,6,87,2,2,night_stand_0275.off,../dataset/ModelNet10/night_stand/test/night_stand_0275.off,../dataset/ModelNet10_attacked_pts_2048_lowpass_spec0125/night_stand/test/night_stand_0275.off,True,False,night_stand/test/night_stand_0275.npz
victim_models/dataset/ModelNet10/night_stand/test/night_stand_0282.off,6,85,1,1,night_stand_0282.off,../dataset/ModelNet10/night_stand/test/night_stand_0282.off,../dataset/ModelNet10_attacked_pts_2048_lowpass_spec0125/night_stand/test/night_stand_0282.off,True,False,night_stand/test/night_stand_0282.npz
victim_models/dataset/ModelNet10/night_stand/test/night_stand_0284.off,6,236,2,2,night_stand_0284.off,../dataset/ModelNet10/night_stand/test/night_stand_0284.off,../dataset/ModelNet10_attacked_pts_2048_lowpass_spec0125/night_stand/test/night_stand_0284.off,True,False,night_stand/test/night_stand_0284.npz
victim_models/dataset/ModelNet10/sofa/test/sofa_0683.off,7,117,3,3,sofa_0683.off,../dataset/ModelNet10/sofa/test/sofa_0683.off,../dataset/ModelNet10_attacked_pts_2048_lowpass_spec0125/sofa/test/sofa_0683.off,True,False,sofa/test/sofa_0683.npz
victim_models/dataset/ModelNet10/sofa/test/sofa_0687.off,7,35,1,1,sofa_0687.off,../dataset/ModelNet10/sofa/test/sofa_0687.off,../dataset/ModelNet10_attacked_pts_2048_lowpass_spec0125/sofa/test/sofa_0687.off,True,False,sofa/test/sofa_0687.npz
victim_models/dataset/ModelNet10/sofa/test/sofa_0690.off,7,150,3,3,sofa_0690.off,../dataset/ModelNet10/sofa/test/sofa_0690.off,../dataset/ModelNet10_attacked_pts_2048_lowpass_spec0125/sofa/test/sofa_0690.off,True,False,sofa/test/sofa_0690.npz
victim_models/dataset/ModelNet10/sofa/test/sofa_0693.off,7,117,1,1,sofa_0693.off,../dataset/ModelNet10/sofa/test/sofa_0693.off,../dataset/ModelNet10_attacked_pts_2048_lowpass_spec0125/sofa/test/sofa_0693.off,True,False,sofa/test/sofa_0693.npz
victim_models/dataset/ModelNet10/sofa/test/sofa_0699.off,7,18,1,1,sofa_0699.off,../dataset/ModelNet10/sofa/test/sofa_0699.off,../dataset/ModelNet10_attacked_pts_2048_lowpass_spec0125/sofa/test/sofa_0699.off,True,False,sofa/test/sofa_0699.npz
victim_models/dataset/ModelNet10/sofa/test/sofa_0704.off,7,72,7,1,sofa_0704.off,../dataset/ModelNet10/sofa/test/sofa_0704.off,../dataset/ModelNet10_attacked_pts_2048_lowpass_spec0125/sofa/test/sofa_0704.off,False,True,sofa/test/sofa_0704.npz
victim_models/dataset/ModelNet10/sofa/test/sofa_0710.off,7,150,1,1,sofa_0710.off,../dataset/ModelNet10/sofa/test/sofa_0710.off,../dataset/ModelNet10_attacked_pts_2048_lowpass_spec0125/sofa/test/sofa_0710.off,True,False,sofa/test/sofa_0710.npz
victim_models/dataset/ModelNet10/sofa/test/sofa_0720.off,7,31,8,8,sofa_0720.off,../dataset/ModelNet10/sofa/test/sofa_0720.off,../dataset/ModelNet10_attacked_pts_2048_lowpass_spec0125/sofa/test/sofa_0720.off,True,False,sofa/test/sofa_0720.npz
victim_models/dataset/ModelNet10/sofa/test/sofa_0737.off,7,14,1,1,sofa_0737.off,../dataset/ModelNet10/sofa/test/sofa_0737.off,../dataset/ModelNet10_attacked_pts_2048_lowpass_spec0125/sofa/test/sofa_0737.off,True,False,sofa/test/sofa_0737.npz
victim_models/dataset/ModelNet10/sofa/test/sofa_0740.off,7,150,1,1,sofa_0740.off,../dataset/ModelNet10/sofa/test/sofa_0740.off,../dataset/ModelNet10_attacked_pts_2048_lowpass_spec0125/sofa/test/sofa_0740.off,True,False,sofa/test/sofa_0740.npz
victim_models/dataset/ModelNet10/sofa/test/sofa_0742.off,7,102,3,3,sofa_0742.off,../dataset/ModelNet10/sofa/test/sofa_0742.off,../dataset/ModelNet10_attacked_pts_2048_lowpass_spec0125/sofa/test/sofa_0742.off,True,False,sofa/test/sofa_0742.npz
victim_models/dataset/ModelNet10/sofa/test/sofa_0755.off,7,127,2,2,sofa_0755.off,../dataset/ModelNet10/sofa/test/sofa_0755.off,../dataset/ModelNet10_attacked_pts_2048_lowpass_spec0125/sofa/test/sofa_0755.off,True,False,sofa/test/sofa_0755.npz
victim_models/dataset/ModelNet10/sofa/test/sofa_0757.off,7,156,2,2,sofa_0757.off,../dataset/ModelNet10/sofa/test/sofa_0757.off,../dataset/ModelNet10_attacked_pts_2048_lowpass_spec0125/sofa/test/sofa_0757.off,True,False,sofa/test/sofa_0757.npz
victim_models/dataset/ModelNet10/sofa/test/sofa_0761.off,7,75,2,2,sofa_0761.off,../dataset/ModelNet10/sofa/test/sofa_0761.off,../dataset/ModelNet10_attacked_pts_2048_lowpass_spec0125/sofa/test/sofa_0761.off,True,False,sofa/test/sofa_0761.npz
victim_models/dataset/ModelNet10/sofa/test/sofa_0763.off,7,34,1,1,sofa_0763.off,../dataset/ModelNet10/sofa/test/sofa_0763.off,../dataset/ModelNet10_attacked_pts_2048_lowpass_spec0125/sofa/test/sofa_0763.off,True,False,sofa/test/sofa_0763.npz
victim_models/dataset/ModelNet10/sofa/test/sofa_0769.off,7,59,3,3,sofa_0769.off,../dataset/ModelNet10/sofa/test/sofa_0769.off,../dataset/ModelNet10_attacked_pts_2048_lowpass_spec0125/sofa/test/sofa_0769.off,True,False,sofa/test/sofa_0769.npz
victim_models/dataset/ModelNet10/sofa/test/sofa_0773.off,7,38,1,1,sofa_0773.off,../dataset/ModelNet10/sofa/test/sofa_0773.off,../dataset/ModelNet10_attacked_pts_2048_lowpass_spec0125/sofa/test/sofa_0773.off,True,False,sofa/test/sofa_0773.npz
victim_models/dataset/ModelNet10/sofa/test/sofa_0779.off,7,154,7,1,sofa_0779.off,../dataset/ModelNet10/sofa/test/sofa_0779.off,../dataset/ModelNet10_attacked_pts_2048_lowpass_spec0125/sofa/test/sofa_0779.off,False,True,sofa/test/sofa_0779.npz
victim_models/dataset/ModelNet10/table/test/table_0395.off,8,36,1,1,table_0395.off,../dataset/ModelNet10/table/test/table_0395.off,../dataset/ModelNet10_attacked_pts_2048_lowpass_spec0125/table/test/table_0395.off,True,False,table/test/table_0395.npz
victim_models/dataset/ModelNet10/table/test/table_0398.off,8,37,1,1,table_0398.off,../dataset/ModelNet10/table/test/table_0398.off,../dataset/ModelNet10_attacked_pts_2048_lowpass_spec0125/table/test/table_0398.off,True,False,table/test/table_0398.npz
victim_models/dataset/ModelNet10/table/test/table_0403.off,8,56,8,1,table_0403.off,../dataset/ModelNet10/table/test/table_0403.off,../dataset/ModelNet10_attacked_pts_2048_lowpass_spec0125/table/test/table_0403.off,False,True,table/test/table_0403.npz
victim_models/dataset/ModelNet10/table/test/table_0405.off,8,197,1,1,table_0405.off,../dataset/ModelNet10/table/test/table_0405.off,../dataset/ModelNet10_attacked_pts_2048_lowpass_spec0125/table/test/table_0405.off,True,False,table/test/table_0405.npz
victim_models/dataset/ModelNet10/table/test/table_0409.off,8,173,8,2,table_0409.off,../dataset/ModelNet10/table/test/table_0409.off,../dataset/ModelNet10_attacked_pts_2048_lowpass_spec0125/table/test/table_0409.off,False,True,table/test/table_0409.npz
victim_models/dataset/ModelNet10/table/test/table_0411.off,8,194,2,2,table_0411.off,../dataset/ModelNet10/table/test/table_0411.off,../dataset/ModelNet10_attacked_pts_2048_lowpass_spec0125/table/test/table_0411.off,True,False,table/test/table_0411.npz
victim_models/dataset/ModelNet10/table/test/table_0414.off,8,24,1,1,table_0414.off,../dataset/ModelNet10/table/test/table_0414.off,../dataset/ModelNet10_attacked_pts_2048_lowpass_spec0125/table/test/table_0414.off,True,False,table/test/table_0414.npz
victim_models/dataset/ModelNet10/table/test/table_0416.off,8,30,1,1,table_0416.off,../dataset/ModelNet10/table/test/table_0416.off,../dataset/ModelNet10_attacked_pts_2048_lowpass_spec0125/table/test/table_0416.off,True,False,table/test/table_0416.npz
victim_models/dataset/ModelNet10/table/test/table_0419.off,8,54,1,1,table_0419.off,../dataset/ModelNet10/table/test/table_0419.off,../dataset/ModelNet10_attacked_pts_2048_lowpass_spec0125/table/test/table_0419.off,True,False,table/test/table_0419.npz
victim_models/dataset/ModelNet10/table/test/table_0422.off,8,171,2,2,table_0422.off,../dataset/ModelNet10/table/test/table_0422.off,../dataset/ModelNet10_attacked_pts_2048_lowpass_spec0125/table/test/table_0422.off,True,False,table/test/table_0422.npz
victim_models/dataset/ModelNet10/table/test/table_0425.off,8,34,1,1,table_0425.off,../dataset/ModelNet10/table/test/table_0425.off,../dataset/ModelNet10_attacked_pts_2048_lowpass_spec0125/table/test/table_0425.off,True,False,table/test/table_0425.npz
victim_models/dataset/ModelNet10/table/test/table_0428.off,8,63,1,1,table_0428.off,../dataset/ModelNet10/table/test/table_0428.off,../dataset/ModelNet10_attacked_pts_2048_lowpass_spec0125/table/test/table_0428.off,True,False,table/test/table_0428.npz
victim_models/dataset/ModelNet10/table/test/table_0430.off,8,88,2,2,table_0430.off,../dataset/ModelNet10/table/test/table_0430.off,../dataset/ModelNet10_attacked_pts_2048_lowpass_spec0125/table/test/table_0430.off,True,False,table/test/table_0430.npz
victim_models/dataset/ModelNet10/table/test/table_0434.off,8,54,1,1,table_0434.off,../dataset/ModelNet10/table/test/table_0434.off,../dataset/ModelNet10_attacked_pts_2048_lowpass_spec0125/table/test/table_0434.off,True,False,table/test/table_0434.npz
victim_models/dataset/ModelNet10/table/test/table_0436.off,8,74,1,1,table_0436.off,../dataset/ModelNet10/table/test/table_0436.off,../dataset/ModelNet10_attacked_pts_2048_lowpass_spec0125/table/test/table_0436.off,True,False,table/test/table_0436.npz
victim_models/dataset/ModelNet10/table/test/table_0438.off,8,100,8,8,table_0438.off,../dataset/ModelNet10/table/test/table_0438.off,../dataset/ModelNet10_attacked_pts_2048_lowpass_spec0125/table/test/table_0438.off,False,False,table/test/table_0438.npz
victim_models/dataset/ModelNet10/table/test/table_0440.off,8,66,8,8,table_0440.off,../dataset/ModelNet10/table/test/table_0440.off,../dataset/ModelNet10_attacked_pts_2048_lowpass_spec0125/table/test/table_0440.off,False,False,table/test/table_0440.npz
victim_models/dataset/ModelNet10/table/test/table_0443.off,8,72,1,1,table_0443.off,../dataset/ModelNet10/table/test/table_0443.off,../dataset/ModelNet10_attacked_pts_2048_lowpass_spec0125/table/test/table_0443.off,True,False,table/test/table_0443.npz
victim_models/dataset/ModelNet10/table/test/table_0446.off,8,102,1,1,table_0446.off,../dataset/ModelNet10/table/test/table_0446.off,../dataset/ModelNet10_attacked_pts_2048_lowpass_spec0125/table/test/table_0446.off,True,False,table/test/table_0446.npz
victim_models/dataset/ModelNet10/table/test/table_0450.off,8,139,2,2,table_0450.off,../dataset/ModelNet10/table/test/table_0450.off,../dataset/ModelNet10_attacked_pts_2048_lowpass_spec0125/table/test/table_0450.off,True,False,table/test/table_0450.npz
victim_models/dataset/ModelNet10/table/test/table_0454.off,8,19,1,1,table_0454.off,../dataset/ModelNet10/table/test/table_0454.off,../dataset/ModelNet10_attacked_pts_2048_lowpass_spec0125/table/test/table_0454.off,True,False,table/test/table_0454.npz
victim_models/dataset/ModelNet10/table/test/table_0456.off,8,89,8,2,table_0456.off,../dataset/ModelNet10/table/test/table_0456.off,../dataset/ModelNet10_attacked_pts_2048_lowpass_spec0125/table/test/table_0456.off,False,True,table/test/table_0456.npz
victim_models/dataset/ModelNet10/table/test/table_0460.off,8,186,2,2,table_0460.off,../dataset/ModelNet10/table/test/table_0460.off,../dataset/ModelNet10_attacked_pts_2048_lowpass_spec0125/table/test/table_0460.off,True,False,table/test/table_0460.npz
victim_models/dataset/ModelNet10/table/test/table_0463.off,8,19,1,1,table_0463.off,../dataset/ModelNet10/table/test/table_0463.off,../dataset/ModelNet10_attacked_pts_2048_lowpass_spec0125/table/test/table_0463.off,True,False,table/test/table_0463.npz
victim_models/dataset/ModelNet10/table/test/table_0466.off,8,21,1,1,table_0466.off,../dataset/ModelNet10/table/test/table_0466.off,../dataset/ModelNet10_attacked_pts_2048_lowpass_spec0125/table/test/table_0466.off,True,False,table/test/table_0466.npz
victim_models/dataset/ModelNet10/table/test/table_0471.off,8,46,1,1,table_0471.off,../dataset/ModelNet10/table/test/table_0471.off,../dataset/ModelNet10_attacked_pts_2048_lowpass_spec0125/table/test/table_0471.off,True,False,table/test/table_0471.npz
victim_models/dataset/ModelNet10/table/test/table_0474.off,8,70,2,2,table_0474.off,../dataset/ModelNet10/table/test/table_0474.off,../dataset/ModelNet10_attacked_pts_2048_lowpass_spec0125/table/test/table_0474.off,True,False,table/test/table_0474.npz
victim_models/dataset/ModelNet10/table/test/table_0476.off,8,23,1,1,table_0476.off,../dataset/ModelNet10/table/test/table_0476.off,../dataset/ModelNet10_attacked_pts_2048_lowpass_spec0125/table/test/table_0476.off,True,False,table/test/table_0476.npz
victim_models/dataset/ModelNet10/table/test/table_0479.off,8,89,8,2,table_0479.off,../dataset/ModelNet10/table/test/table_0479.off,../dataset/ModelNet10_attacked_pts_2048_lowpass_spec0125/table/test/table_0479.off,False,True,table/test/table_0479.npz
victim_models/dataset/ModelNet10/table/test/table_0481.off,8,48,8,1,table_0481.off,../dataset/ModelNet10/table/test/table_0481.off,../dataset/ModelNet10_attacked_pts_2048_lowpass_spec0125/table/test/table_0481.off,False,True,table/test/table_0481.npz
victim_models/dataset/ModelNet10/table/test/table_0484.off,8,141,1,1,table_0484.off,../dataset/ModelNet10/table/test/table_0484.off,../dataset/ModelNet10_attacked_pts_2048_lowpass_spec0125/table/test/table_0484.off,True,False,table/test/table_0484.npz
victim_models/dataset/ModelNet10/table/test/table_0487.off,8,80,1,1,table_0487.off,../dataset/ModelNet10/table/test/table_0487.off,../dataset/ModelNet10_attacked_pts_2048_lowpass_spec0125/table/test/table_0487.off,True,False,table/test/table_0487.npz
victim_models/dataset/ModelNet10/table/test/table_0489.off,8,15,1,1,table_0489.off,../dataset/ModelNet10/table/test/table_0489.off,../dataset/ModelNet10_attacked_pts_2048_lowpass_spec0125/table/test/table_0489.off,True,False,table/test/table_0489.npz
victim_models/dataset/ModelNet10/table/test/table_0491.off,8,22,1,1,table_0491.off,../dataset/ModelNet10/table/test/table_0491.off,../dataset/ModelNet10_attacked_pts_2048_lowpass_spec0125/table/test/table_0491.off,True,False,table/test/table_0491.npz
victim_models/dataset/ModelNet10/toilet/test/toilet_0348.off,9,101,2,2,toilet_0348.off,../dataset/ModelNet10/toilet/test/toilet_0348.off,../dataset/ModelNet10_attacked_pts_2048_lowpass_spec0125/toilet/test/toilet_0348.off,True,False,toilet/test/toilet_0348.npz
victim_models/dataset/ModelNet10/toilet/test/toilet_0354.off,9,59,8,8,toilet_0354.off,../dataset/ModelNet10/toilet/test/toilet_0354.off,../dataset/ModelNet10_attacked_pts_2048_lowpass_spec0125/toilet/test/toilet_0354.off,True,False,toilet/test/toilet_0354.npz
victim_models/dataset/ModelNet10/toilet/test/toilet_0362.off,9,203,9,3,toilet_0362.off,../dataset/ModelNet10/toilet/test/toilet_0362.off,../dataset/ModelNet10_attacked_pts_2048_lowpass_spec0125/toilet/test/toilet_0362.off,False,True,toilet/test/toilet_0362.npz
victim_models/dataset/ModelNet10/toilet/test/toilet_0380.off,9,180,1,2,toilet_0380.off,../dataset/ModelNet10/toilet/test/toilet_0380.off,../dataset/ModelNet10_attacked_pts_2048_lowpass_spec0125/toilet/test/toilet_0380.off,True,True,toilet/test/toilet_0380.npz
victim_models/dataset/ModelNet10/toilet/test/toilet_0390.off,9,84,2,2,toilet_0390.off,../dataset/ModelNet10/toilet/test/toilet_0390.off,../dataset/ModelNet10_attacked_pts_2048_lowpass_spec0125/toilet/test/toilet_0390.off,True,False,toilet/test/toilet_0390.npz
victim_models/dataset/ModelNet10/toilet/test/toilet_0402.off,9,117,5,5,toilet_0402.off,../dataset/ModelNet10/toilet/test/toilet_0402.off,../dataset/ModelNet10_attacked_pts_2048_lowpass_spec0125/toilet/test/toilet_0402.off,True,False,toilet/test/toilet_0402.npz
victim_models/dataset/ModelNet10/toilet/test/toilet_0410.off,9,232,1,1,toilet_0410.off,../dataset/ModelNet10/toilet/test/toilet_0410.off,../dataset/ModelNet10_attacked_pts_2048_lowpass_spec0125/toilet/test/toilet_0410.off,True,False,toilet/test/toilet_0410.npz
victim_models/dataset/ModelNet10/toilet/test/toilet_0430.off,9,102,2,2,toilet_0430.off,../dataset/ModelNet10/toilet/test/toilet_0430.off,../dataset/ModelNet10_attacked_pts_2048_lowpass_spec0125/toilet/test/toilet_0430.off,True,False,toilet/test/toilet_0430.npz
victim_models/dataset/ModelNet10/toilet/test/toilet_0437.off,9,62,2,2,toilet_0437.off,../dataset/ModelNet10/toilet/test/toilet_0437.off,../dataset/ModelNet10_attacked_pts_2048_lowpass_spec0125/toilet/test/toilet_0437.off,True,False,toilet/test/toilet_0437.npz
