path,true,clean,adv,file,clean_path,adv_path,model_fail,adv_success
victim_models/dataset/ModelNet10/bathtub/test/bathtub_0107.off,0,0,9,bathtub_0107.off,../dataset/ModelNet10/bathtub/test/bathtub_0107.off,../dataset/ModelNet10_attacked/bathtub/test/bathtub_0107.off,False,True
victim_models/dataset/ModelNet10/bathtub/test/bathtub_0113.off,0,3,3,bathtub_0113.off,../dataset/ModelNet10/bathtub/test/bathtub_0113.off,../dataset/ModelNet10_attacked/bathtub/test/bathtub_0113.off,True,False
victim_models/dataset/ModelNet10/bathtub/test/bathtub_0120.off,0,1,1,bathtub_0120.off,../dataset/ModelNet10/bathtub/test/bathtub_0120.off,../dataset/ModelNet10_attacked/bathtub/test/bathtub_0120.off,True,False
victim_models/dataset/ModelNet10/bathtub/test/bathtub_0126.off,0,1,1,bathtub_0126.off,../dataset/ModelNet10/bathtub/test/bathtub_0126.off,../dataset/ModelNet10_attacked/bathtub/test/bathtub_0126.off,True,False
victim_models/dataset/ModelNet10/bathtub/test/bathtub_0129.off,0,1,1,bathtub_0129.off,../dataset/ModelNet10/bathtub/test/bathtub_0129.off,../dataset/ModelNet10_attacked/bathtub/test/bathtub_0129.off,True,False
victim_models/dataset/ModelNet10/bathtub/test/bathtub_0132.off,0,1,1,bathtub_0132.off,../dataset/ModelNet10/bathtub/test/bathtub_0132.off,../dataset/ModelNet10_attacked/bathtub/test/bathtub_0132.off,True,False
victim_models/dataset/ModelNet10/bathtub/test/bathtub_0137.off,0,8,8,bathtub_0137.off,../dataset/ModelNet10/bathtub/test/bathtub_0137.off,../dataset/ModelNet10_attacked/bathtub/test/bathtub_0137.off,True,False
victim_models/dataset/ModelNet10/bathtub/test/bathtub_0140.off,0,8,8,bathtub_0140.off,../dataset/ModelNet10/bathtub/test/bathtub_0140.off,../dataset/ModelNet10_attacked/bathtub/test/bathtub_0140.off,True,False
victim_models/dataset/ModelNet10/bathtub/test/bathtub_0144.off,0,3,3,bathtub_0144.off,../dataset/ModelNet10/bathtub/test/bathtub_0144.off,../dataset/ModelNet10_attacked/bathtub/test/bathtub_0144.off,True,False
victim_models/dataset/ModelNet10/bathtub/test/bathtub_0148.off,0,3,3,bathtub_0148.off,../dataset/ModelNet10/bathtub/test/bathtub_0148.off,../dataset/ModelNet10_attacked/bathtub/test/bathtub_0148.off,True,False
victim_models/dataset/ModelNet10/bathtub/test/bathtub_0154.off,0,2,2,bathtub_0154.off,../dataset/ModelNet10/bathtub/test/bathtub_0154.off,../dataset/ModelNet10_attacked/bathtub/test/bathtub_0154.off,True,False
victim_models/dataset/ModelNet10/bed/test/bed_0519.off,1,1,2,bed_0519.off,../dataset/ModelNet10/bed/test/bed_0519.off,../dataset/ModelNet10_attacked/bed/test/bed_0519.off,False,True
victim_models/dataset/ModelNet10/bed/test/bed_0523.off,1,1,2,bed_0523.off,../dataset/ModelNet10/bed/test/bed_0523.off,../dataset/ModelNet10_attacked/bed/test/bed_0523.off,False,True
victim_models/dataset/ModelNet10/bed/test/bed_0526.off,1,1,2,bed_0526.off,../dataset/ModelNet10/bed/test/bed_0526.off,../dataset/ModelNet10_attacked/bed/test/bed_0526.off,False,True
victim_models/dataset/ModelNet10/bed/test/bed_0533.off,1,1,2,bed_0533.off,../dataset/ModelNet10/bed/test/bed_0533.off,../dataset/ModelNet10_attacked/bed/test/bed_0533.off,False,True
victim_models/dataset/ModelNet10/bed/test/bed_0538.off,1,1,2,bed_0538.off,../dataset/ModelNet10/bed/test/bed_0538.off,../dataset/ModelNet10_attacked/bed/test/bed_0538.off,False,True
victim_models/dataset/ModelNet10/bed/test/bed_0541.off,1,1,2,bed_0541.off,../dataset/ModelNet10/bed/test/bed_0541.off,../dataset/ModelNet10_attacked/bed/test/bed_0541.off,False,True
victim_models/dataset/ModelNet10/bed/test/bed_0545.off,1,1,1,bed_0545.off,../dataset/ModelNet10/bed/test/bed_0545.off,../dataset/ModelNet10_attacked/bed/test/bed_0545.off,False,False
victim_models/dataset/ModelNet10/bed/test/bed_0550.off,1,2,2,bed_0550.off,../dataset/ModelNet10/bed/test/bed_0550.off,../dataset/ModelNet10_attacked/bed/test/bed_0550.off,True,False
victim_models/dataset/ModelNet10/bed/test/bed_0552.off,1,2,2,bed_0552.off,../dataset/ModelNet10/bed/test/bed_0552.off,../dataset/ModelNet10_attacked/bed/test/bed_0552.off,True,False
victim_models/dataset/ModelNet10/bed/test/bed_0554.off,1,1,2,bed_0554.off,../dataset/ModelNet10/bed/test/bed_0554.off,../dataset/ModelNet10_attacked/bed/test/bed_0554.off,False,True
victim_models/dataset/ModelNet10/bed/test/bed_0564.off,1,1,2,bed_0564.off,../dataset/ModelNet10/bed/test/bed_0564.off,../dataset/ModelNet10_attacked/bed/test/bed_0564.off,False,True
victim_models/dataset/ModelNet10/bed/test/bed_0576.off,1,1,2,bed_0576.off,../dataset/ModelNet10/bed/test/bed_0576.off,../dataset/ModelNet10_attacked/bed/test/bed_0576.off,False,True
victim_models/dataset/ModelNet10/bed/test/bed_0581.off,1,1,1,bed_0581.off,../dataset/ModelNet10/bed/test/bed_0581.off,../dataset/ModelNet10_attacked/bed/test/bed_0581.off,False,False
victim_models/dataset/ModelNet10/bed/test/bed_0587.off,1,1,2,bed_0587.off,../dataset/ModelNet10/bed/test/bed_0587.off,../dataset/ModelNet10_attacked/bed/test/bed_0587.off,False,True
victim_models/dataset/ModelNet10/bed/test/bed_0590.off,1,1,2,bed_0590.off,../dataset/ModelNet10/bed/test/bed_0590.off,../dataset/ModelNet10_attacked/bed/test/bed_0590.off,False,True
victim_models/dataset/ModelNet10/bed/test/bed_0595.off,1,1,1,bed_0595.off,../dataset/ModelNet10/bed/test/bed_0595.off,../dataset/ModelNet10_attacked/bed/test/bed_0595.off,False,False
victim_models/dataset/ModelNet10/bed/test/bed_0601.off,1,1,2,bed_0601.off,../dataset/ModelNet10/bed/test/bed_0601.off,../dataset/ModelNet10_attacked/bed/test/bed_0601.off,False,True
victim_models/dataset/ModelNet10/bed/test/bed_0604.off,1,1,2,bed_0604.off,../dataset/ModelNet10/bed/test/bed_0604.off,../dataset/ModelNet10_attacked/bed/test/bed_0604.off,False,True
victim_models/dataset/ModelNet10/bed/test/bed_0607.off,1,1,2,bed_0607.off,../dataset/ModelNet10/bed/test/bed_0607.off,../dataset/ModelNet10_attacked/bed/test/bed_0607.off,False,True
victim_models/dataset/ModelNet10/bed/test/bed_0611.off,1,1,7,bed_0611.off,../dataset/ModelNet10/bed/test/bed_0611.off,../dataset/ModelNet10_attacked/bed/test/bed_0611.off,False,True
victim_models/dataset/ModelNet10/bed/test/bed_0615.off,1,1,5,bed_0615.off,../dataset/ModelNet10/bed/test/bed_0615.off,../dataset/ModelNet10_attacked/bed/test/bed_0615.off,False,True
victim_models/dataset/ModelNet10/chair/test/chair_0890.off,2,1,1,chair_0890.off,../dataset/ModelNet10/chair/test/chair_0890.off,../dataset/ModelNet10_attacked/chair/test/chair_0890.off,True,False
victim_models/dataset/ModelNet10/chair/test/chair_0896.off,2,2,3,chair_0896.off,../dataset/ModelNet10/chair/test/chair_0896.off,../dataset/ModelNet10_attacked/chair/test/chair_0896.off,False,True
victim_models/dataset/ModelNet10/chair/test/chair_0908.off,2,2,2,chair_0908.off,../dataset/ModelNet10/chair/test/chair_0908.off,../dataset/ModelNet10_attacked/chair/test/chair_0908.off,False,False
victim_models/dataset/ModelNet10/chair/test/chair_0918.off,2,2,3,chair_0918.off,../dataset/ModelNet10/chair/test/chair_0918.off,../dataset/ModelNet10_attacked/chair/test/chair_0918.off,False,True
victim_models/dataset/ModelNet10/chair/test/chair_0927.off,2,2,2,chair_0927.off,../dataset/ModelNet10/chair/test/chair_0927.off,../dataset/ModelNet10_attacked/chair/test/chair_0927.off,False,False
victim_models/dataset/ModelNet10/chair/test/chair_0942.off,2,2,8,chair_0942.off,../dataset/ModelNet10/chair/test/chair_0942.off,../dataset/ModelNet10_attacked/chair/test/chair_0942.off,False,True
victim_models/dataset/ModelNet10/chair/test/chair_0948.off,2,8,8,chair_0948.off,../dataset/ModelNet10/chair/test/chair_0948.off,../dataset/ModelNet10_attacked/chair/test/chair_0948.off,True,False
victim_models/dataset/ModelNet10/chair/test/chair_0951.off,2,2,2,chair_0951.off,../dataset/ModelNet10/chair/test/chair_0951.off,../dataset/ModelNet10_attacked/chair/test/chair_0951.off,False,False
victim_models/dataset/ModelNet10/chair/test/chair_0972.off,2,1,2,chair_0972.off,../dataset/ModelNet10/chair/test/chair_0972.off,../dataset/ModelNet10_attacked/chair/test/chair_0972.off,True,True
victim_models/dataset/ModelNet10/chair/test/chair_0975.off,2,2,1,chair_0975.off,../dataset/ModelNet10/chair/test/chair_0975.off,../dataset/ModelNet10_attacked/chair/test/chair_0975.off,False,True
victim_models/dataset/ModelNet10/chair/test/chair_0980.off,2,2,6,chair_0980.off,../dataset/ModelNet10/chair/test/chair_0980.off,../dataset/ModelNet10_attacked/chair/test/chair_0980.off,False,True
victim_models/dataset/ModelNet10/desk/test/desk_0202.off,3,8,8,desk_0202.off,../dataset/ModelNet10/desk/test/desk_0202.off,../dataset/ModelNet10_attacked/desk/test/desk_0202.off,True,False
victim_models/dataset/ModelNet10/desk/test/desk_0205.off,3,2,2,desk_0205.off,../dataset/ModelNet10/desk/test/desk_0205.off,../dataset/ModelNet10_attacked/desk/test/desk_0205.off,True,False
victim_models/dataset/ModelNet10/desk/test/desk_0207.off,3,3,8,desk_0207.off,../dataset/ModelNet10/desk/test/desk_0207.off,../dataset/ModelNet10_attacked/desk/test/desk_0207.off,False,True
victim_models/dataset/ModelNet10/desk/test/desk_0212.off,3,3,6,desk_0212.off,../dataset/ModelNet10/desk/test/desk_0212.off,../dataset/ModelNet10_attacked/desk/test/desk_0212.off,False,True
victim_models/dataset/ModelNet10/desk/test/desk_0215.off,3,8,8,desk_0215.off,../dataset/ModelNet10/desk/test/desk_0215.off,../dataset/ModelNet10_attacked/desk/test/desk_0215.off,True,False
victim_models/dataset/ModelNet10/desk/test/desk_0220.off,3,8,8,desk_0220.off,../dataset/ModelNet10/desk/test/desk_0220.off,../dataset/ModelNet10_attacked/desk/test/desk_0220.off,True,False
victim_models/dataset/ModelNet10/desk/test/desk_0228.off,3,2,2,desk_0228.off,../dataset/ModelNet10/desk/test/desk_0228.off,../dataset/ModelNet10_attacked/desk/test/desk_0228.off,True,False
victim_models/dataset/ModelNet10/desk/test/desk_0232.off,3,2,2,desk_0232.off,../dataset/ModelNet10/desk/test/desk_0232.off,../dataset/ModelNet10_attacked/desk/test/desk_0232.off,True,False
victim_models/dataset/ModelNet10/desk/test/desk_0236.off,3,1,1,desk_0236.off,../dataset/ModelNet10/desk/test/desk_0236.off,../dataset/ModelNet10_attacked/desk/test/desk_0236.off,True,False
victim_models/dataset/ModelNet10/desk/test/desk_0238.off,3,2,2,desk_0238.off,../dataset/ModelNet10/desk/test/desk_0238.off,../dataset/ModelNet10_attacked/desk/test/desk_0238.off,True,False
victim_models/dataset/ModelNet10/desk/test/desk_0240.off,3,2,2,desk_0240.off,../dataset/ModelNet10/desk/test/desk_0240.off,../dataset/ModelNet10_attacked/desk/test/desk_0240.off,True,False
victim_models/dataset/ModelNet10/desk/test/desk_0245.off,3,5,5,desk_0245.off,../dataset/ModelNet10/desk/test/desk_0245.off,../dataset/ModelNet10_attacked/desk/test/desk_0245.off,True,False
victim_models/dataset/ModelNet10/desk/test/desk_0248.off,3,2,2,desk_0248.off,../dataset/ModelNet10/desk/test/desk_0248.off,../dataset/ModelNet10_attacked/desk/test/desk_0248.off,True,False
victim_models/dataset/ModelNet10/desk/test/desk_0251.off,3,8,8,desk_0251.off,../dataset/ModelNet10/desk/test/desk_0251.off,../dataset/ModelNet10_attacked/desk/test/desk_0251.off,True,False
victim_models/dataset/ModelNet10/desk/test/desk_0255.off,3,8,8,desk_0255.off,../dataset/ModelNet10/desk/test/desk_0255.off,../dataset/ModelNet10_attacked/desk/test/desk_0255.off,True,False
victim_models/dataset/ModelNet10/desk/test/desk_0261.off,3,2,2,desk_0261.off,../dataset/ModelNet10/desk/test/desk_0261.off,../dataset/ModelNet10_attacked/desk/test/desk_0261.off,True,False
victim_models/dataset/ModelNet10/desk/test/desk_0263.off,3,1,1,desk_0263.off,../dataset/ModelNet10/desk/test/desk_0263.off,../dataset/ModelNet10_attacked/desk/test/desk_0263.off,True,False
victim_models/dataset/ModelNet10/desk/test/desk_0266.off,3,1,1,desk_0266.off,../dataset/ModelNet10/desk/test/desk_0266.off,../dataset/ModelNet10_attacked/desk/test/desk_0266.off,True,False
victim_models/dataset/ModelNet10/desk/test/desk_0272.off,3,2,2,desk_0272.off,../dataset/ModelNet10/desk/test/desk_0272.off,../dataset/ModelNet10_attacked/desk/test/desk_0272.off,True,False
victim_models/dataset/ModelNet10/desk/test/desk_0275.off,3,3,2,desk_0275.off,../dataset/ModelNet10/desk/test/desk_0275.off,../dataset/ModelNet10_attacked/desk/test/desk_0275.off,False,True
victim_models/dataset/ModelNet10/desk/test/desk_0277.off,3,2,2,desk_0277.off,../dataset/ModelNet10/desk/test/desk_0277.off,../dataset/ModelNet10_attacked/desk/test/desk_0277.off,True,False
victim_models/dataset/ModelNet10/desk/test/desk_0283.off,3,2,2,desk_0283.off,../dataset/ModelNet10/desk/test/desk_0283.off,../dataset/ModelNet10_attacked/desk/test/desk_0283.off,True,False
victim_models/dataset/ModelNet10/dresser/test/dresser_0201.off,4,2,2,dresser_0201.off,../dataset/ModelNet10/dresser/test/dresser_0201.off,../dataset/ModelNet10_attacked/dresser/test/dresser_0201.off,True,False
victim_models/dataset/ModelNet10/dresser/test/dresser_0205.off,4,8,8,dresser_0205.off,../dataset/ModelNet10/dresser/test/dresser_0205.off,../dataset/ModelNet10_attacked/dresser/test/dresser_0205.off,True,False
victim_models/dataset/ModelNet10/dresser/test/dresser_0208.off,4,6,6,dresser_0208.off,../dataset/ModelNet10/dresser/test/dresser_0208.off,../dataset/ModelNet10_attacked/dresser/test/dresser_0208.off,True,False
victim_models/dataset/ModelNet10/dresser/test/dresser_0210.off,4,2,2,dresser_0210.off,../dataset/ModelNet10/dresser/test/dresser_0210.off,../dataset/ModelNet10_attacked/dresser/test/dresser_0210.off,True,False
victim_models/dataset/ModelNet10/dresser/test/dresser_0213.off,4,2,2,dresser_0213.off,../dataset/ModelNet10/dresser/test/dresser_0213.off,../dataset/ModelNet10_attacked/dresser/test/dresser_0213.off,True,False
victim_models/dataset/ModelNet10/dresser/test/dresser_0216.off,4,2,2,dresser_0216.off,../dataset/ModelNet10/dresser/test/dresser_0216.off,../dataset/ModelNet10_attacked/dresser/test/dresser_0216.off,True,False
victim_models/dataset/ModelNet10/dresser/test/dresser_0220.off,4,8,8,dresser_0220.off,../dataset/ModelNet10/dresser/test/dresser_0220.off,../dataset/ModelNet10_attacked/dresser/test/dresser_0220.off,True,False
victim_models/dataset/ModelNet10/dresser/test/dresser_0224.off,4,2,2,dresser_0224.off,../dataset/ModelNet10/dresser/test/dresser_0224.off,../dataset/ModelNet10_attacked/dresser/test/dresser_0224.off,True,False
victim_models/dataset/ModelNet10/dresser/test/dresser_0228.off,4,2,2,dresser_0228.off,../dataset/ModelNet10/dresser/test/dresser_0228.off,../dataset/ModelNet10_attacked/dresser/test/dresser_0228.off,True,False
victim_models/dataset/ModelNet10/dresser/test/dresser_0232.off,4,2,2,dresser_0232.off,../dataset/ModelNet10/dresser/test/dresser_0232.off,../dataset/ModelNet10_attacked/dresser/test/dresser_0232.off,True,False
victim_models/dataset/ModelNet10/dresser/test/dresser_0239.off,4,2,2,dresser_0239.off,../dataset/ModelNet10/dresser/test/dresser_0239.off,../dataset/ModelNet10_attacked/dresser/test/dresser_0239.off,True,False
victim_models/dataset/ModelNet10/dresser/test/dresser_0242.off,4,2,2,dresser_0242.off,../dataset/ModelNet10/dresser/test/dresser_0242.off,../dataset/ModelNet10_attacked/dresser/test/dresser_0242.off,True,False
victim_models/dataset/ModelNet10/dresser/test/dresser_0247.off,4,2,2,dresser_0247.off,../dataset/ModelNet10/dresser/test/dresser_0247.off,../dataset/ModelNet10_attacked/dresser/test/dresser_0247.off,True,False
victim_models/dataset/ModelNet10/dresser/test/dresser_0251.off,4,2,2,dresser_0251.off,../dataset/ModelNet10/dresser/test/dresser_0251.off,../dataset/ModelNet10_attacked/dresser/test/dresser_0251.off,True,False
victim_models/dataset/ModelNet10/dresser/test/dresser_0254.off,4,1,1,dresser_0254.off,../dataset/ModelNet10/dresser/test/dresser_0254.off,../dataset/ModelNet10_attacked/dresser/test/dresser_0254.off,True,False
victim_models/dataset/ModelNet10/dresser/test/dresser_0258.off,4,2,2,dresser_0258.off,../dataset/ModelNet10/dresser/test/dresser_0258.off,../dataset/ModelNet10_attacked/dresser/test/dresser_0258.off,True,False
victim_models/dataset/ModelNet10/dresser/test/dresser_0262.off,4,2,2,dresser_0262.off,../dataset/ModelNet10/dresser/test/dresser_0262.off,../dataset/ModelNet10_attacked/dresser/test/dresser_0262.off,True,False
victim_models/dataset/ModelNet10/dresser/test/dresser_0264.off,4,1,1,dresser_0264.off,../dataset/ModelNet10/dresser/test/dresser_0264.off,../dataset/ModelNet10_attacked/dresser/test/dresser_0264.off,True,False
victim_models/dataset/ModelNet10/dresser/test/dresser_0267.off,4,2,2,dresser_0267.off,../dataset/ModelNet10/dresser/test/dresser_0267.off,../dataset/ModelNet10_attacked/dresser/test/dresser_0267.off,True,False
victim_models/dataset/ModelNet10/dresser/test/dresser_0272.off,4,8,8,dresser_0272.off,../dataset/ModelNet10/dresser/test/dresser_0272.off,../dataset/ModelNet10_attacked/dresser/test/dresser_0272.off,True,False
victim_models/dataset/ModelNet10/dresser/test/dresser_0275.off,4,2,2,dresser_0275.off,../dataset/ModelNet10/dresser/test/dresser_0275.off,../dataset/ModelNet10_attacked/dresser/test/dresser_0275.off,True,False
victim_models/dataset/ModelNet10/dresser/test/dresser_0281.off,4,2,2,dresser_0281.off,../dataset/ModelNet10/dresser/test/dresser_0281.off,../dataset/ModelNet10_attacked/dresser/test/dresser_0281.off,True,False
victim_models/dataset/ModelNet10/dresser/test/dresser_0283.off,4,1,1,dresser_0283.off,../dataset/ModelNet10/dresser/test/dresser_0283.off,../dataset/ModelNet10_attacked/dresser/test/dresser_0283.off,True,False
victim_models/dataset/ModelNet10/monitor/test/monitor_0466.off,5,2,2,monitor_0466.off,../dataset/ModelNet10/monitor/test/monitor_0466.off,../dataset/ModelNet10_attacked/monitor/test/monitor_0466.off,True,False
victim_models/dataset/ModelNet10/monitor/test/monitor_0472.off,5,1,1,monitor_0472.off,../dataset/ModelNet10/monitor/test/monitor_0472.off,../dataset/ModelNet10_attacked/monitor/test/monitor_0472.off,True,False
victim_models/dataset/ModelNet10/monitor/test/monitor_0477.off,5,1,1,monitor_0477.off,../dataset/ModelNet10/monitor/test/monitor_0477.off,../dataset/ModelNet10_attacked/monitor/test/monitor_0477.off,True,False
victim_models/dataset/ModelNet10/monitor/test/monitor_0479.off,5,1,1,monitor_0479.off,../dataset/ModelNet10/monitor/test/monitor_0479.off,../dataset/ModelNet10_attacked/monitor/test/monitor_0479.off,True,False
victim_models/dataset/ModelNet10/monitor/test/monitor_0482.off,5,5,2,monitor_0482.off,../dataset/ModelNet10/monitor/test/monitor_0482.off,../dataset/ModelNet10_attacked/monitor/test/monitor_0482.off,False,True
victim_models/dataset/ModelNet10/monitor/test/monitor_0485.off,5,2,2,monitor_0485.off,../dataset/ModelNet10/monitor/test/monitor_0485.off,../dataset/ModelNet10_attacked/monitor/test/monitor_0485.off,True,False
victim_models/dataset/ModelNet10/monitor/test/monitor_0487.off,5,1,1,monitor_0487.off,../dataset/ModelNet10/monitor/test/monitor_0487.off,../dataset/ModelNet10_attacked/monitor/test/monitor_0487.off,True,False
victim_models/dataset/ModelNet10/monitor/test/monitor_0492.off,5,2,2,monitor_0492.off,../dataset/ModelNet10/monitor/test/monitor_0492.off,../dataset/ModelNet10_attacked/monitor/test/monitor_0492.off,True,False
victim_models/dataset/ModelNet10/monitor/test/monitor_0496.off,5,2,2,monitor_0496.off,../dataset/ModelNet10/monitor/test/monitor_0496.off,../dataset/ModelNet10_attacked/monitor/test/monitor_0496.off,True,False
victim_models/dataset/ModelNet10/monitor/test/monitor_0502.off,5,1,1,monitor_0502.off,../dataset/ModelNet10/monitor/test/monitor_0502.off,../dataset/ModelNet10_attacked/monitor/test/monitor_0502.off,True,False
victim_models/dataset/ModelNet10/monitor/test/monitor_0512.off,5,1,1,monitor_0512.off,../dataset/ModelNet10/monitor/test/monitor_0512.off,../dataset/ModelNet10_attacked/monitor/test/monitor_0512.off,True,False
victim_models/dataset/ModelNet10/monitor/test/monitor_0515.off,5,2,2,monitor_0515.off,../dataset/ModelNet10/monitor/test/monitor_0515.off,../dataset/ModelNet10_attacked/monitor/test/monitor_0515.off,True,False
victim_models/dataset/ModelNet10/monitor/test/monitor_0517.off,5,2,2,monitor_0517.off,../dataset/ModelNet10/monitor/test/monitor_0517.off,../dataset/ModelNet10_attacked/monitor/test/monitor_0517.off,True,False
victim_models/dataset/ModelNet10/monitor/test/monitor_0522.off,5,2,2,monitor_0522.off,../dataset/ModelNet10/monitor/test/monitor_0522.off,../dataset/ModelNet10_attacked/monitor/test/monitor_0522.off,True,False
victim_models/dataset/ModelNet10/monitor/test/monitor_0525.off,5,5,2,monitor_0525.off,../dataset/ModelNet10/monitor/test/monitor_0525.off,../dataset/ModelNet10_attacked/monitor/test/monitor_0525.off,False,True
victim_models/dataset/ModelNet10/monitor/test/monitor_0527.off,5,2,2,monitor_0527.off,../dataset/ModelNet10/monitor/test/monitor_0527.off,../dataset/ModelNet10_attacked/monitor/test/monitor_0527.off,True,False
victim_models/dataset/ModelNet10/monitor/test/monitor_0531.off,5,3,3,monitor_0531.off,../dataset/ModelNet10/monitor/test/monitor_0531.off,../dataset/ModelNet10_attacked/monitor/test/monitor_0531.off,True,False
victim_models/dataset/ModelNet10/monitor/test/monitor_0533.off,5,5,2,monitor_0533.off,../dataset/ModelNet10/monitor/test/monitor_0533.off,../dataset/ModelNet10_attacked/monitor/test/monitor_0533.off,False,True
victim_models/dataset/ModelNet10/monitor/test/monitor_0535.off,5,1,1,monitor_0535.off,../dataset/ModelNet10/monitor/test/monitor_0535.off,../dataset/ModelNet10_attacked/monitor/test/monitor_0535.off,True,False
victim_models/dataset/ModelNet10/monitor/test/monitor_0540.off,5,2,2,monitor_0540.off,../dataset/ModelNet10/monitor/test/monitor_0540.off,../dataset/ModelNet10_attacked/monitor/test/monitor_0540.off,True,False
victim_models/dataset/ModelNet10/monitor/test/monitor_0543.off,5,7,7,monitor_0543.off,../dataset/ModelNet10/monitor/test/monitor_0543.off,../dataset/ModelNet10_attacked/monitor/test/monitor_0543.off,True,False
victim_models/dataset/ModelNet10/monitor/test/monitor_0545.off,5,2,2,monitor_0545.off,../dataset/ModelNet10/monitor/test/monitor_0545.off,../dataset/ModelNet10_attacked/monitor/test/monitor_0545.off,True,False
victim_models/dataset/ModelNet10/monitor/test/monitor_0547.off,5,2,2,monitor_0547.off,../dataset/ModelNet10/monitor/test/monitor_0547.off,../dataset/ModelNet10_attacked/monitor/test/monitor_0547.off,True,False
victim_models/dataset/ModelNet10/monitor/test/monitor_0550.off,5,1,1,monitor_0550.off,../dataset/ModelNet10/monitor/test/monitor_0550.off,../dataset/ModelNet10_attacked/monitor/test/monitor_0550.off,True,False
victim_models/dataset/ModelNet10/monitor/test/monitor_0554.off,5,5,4,monitor_0554.off,../dataset/ModelNet10/monitor/test/monitor_0554.off,../dataset/ModelNet10_attacked/monitor/test/monitor_0554.off,False,True
victim_models/dataset/ModelNet10/monitor/test/monitor_0557.off,5,2,2,monitor_0557.off,../dataset/ModelNet10/monitor/test/monitor_0557.off,../dataset/ModelNet10_attacked/monitor/test/monitor_0557.off,True,False
victim_models/dataset/ModelNet10/monitor/test/monitor_0560.off,5,1,1,monitor_0560.off,../dataset/ModelNet10/monitor/test/monitor_0560.off,../dataset/ModelNet10_attacked/monitor/test/monitor_0560.off,True,False
victim_models/dataset/ModelNet10/monitor/test/monitor_0562.off,5,1,1,monitor_0562.off,../dataset/ModelNet10/monitor/test/monitor_0562.off,../dataset/ModelNet10_attacked/monitor/test/monitor_0562.off,True,False
victim_models/dataset/ModelNet10/monitor/test/monitor_0564.off,5,1,1,monitor_0564.off,../dataset/ModelNet10/monitor/test/monitor_0564.off,../dataset/ModelNet10_attacked/monitor/test/monitor_0564.off,True,False
victim_models/dataset/ModelNet10/night_stand/test/night_stand_0202.off,6,2,2,night_stand_0202.off,../dataset/ModelNet10/night_stand/test/night_stand_0202.off,../dataset/ModelNet10_attacked/night_stand/test/night_stand_0202.off,True,False
victim_models/dataset/ModelNet10/night_stand/test/night_stand_0209.off,6,2,2,night_stand_0209.off,../dataset/ModelNet10/night_stand/test/night_stand_0209.off,../dataset/ModelNet10_attacked/night_stand/test/night_stand_0209.off,True,False
victim_models/dataset/ModelNet10/night_stand/test/night_stand_0212.off,6,8,8,night_stand_0212.off,../dataset/ModelNet10/night_stand/test/night_stand_0212.off,../dataset/ModelNet10_attacked/night_stand/test/night_stand_0212.off,True,False
victim_models/dataset/ModelNet10/night_stand/test/night_stand_0216.off,6,1,1,night_stand_0216.off,../dataset/ModelNet10/night_stand/test/night_stand_0216.off,../dataset/ModelNet10_attacked/night_stand/test/night_stand_0216.off,True,False
victim_models/dataset/ModelNet10/night_stand/test/night_stand_0219.off,6,1,1,night_stand_0219.off,../dataset/ModelNet10/night_stand/test/night_stand_0219.off,../dataset/ModelNet10_attacked/night_stand/test/night_stand_0219.off,True,False
victim_models/dataset/ModelNet10/night_stand/test/night_stand_0221.off,6,3,3,night_stand_0221.off,../dataset/ModelNet10/night_stand/test/night_stand_0221.off,../dataset/ModelNet10_attacked/night_stand/test/night_stand_0221.off,True,False
victim_models/dataset/ModelNet10/night_stand/test/night_stand_0223.off,6,2,2,night_stand_0223.off,../dataset/ModelNet10/night_stand/test/night_stand_0223.off,../dataset/ModelNet10_attacked/night_stand/test/night_stand_0223.off,True,False
victim_models/dataset/ModelNet10/night_stand/test/night_stand_0226.off,6,2,2,night_stand_0226.off,../dataset/ModelNet10/night_stand/test/night_stand_0226.off,../dataset/ModelNet10_attacked/night_stand/test/night_stand_0226.off,True,False
victim_models/dataset/ModelNet10/night_stand/test/night_stand_0230.off,6,2,2,night_stand_0230.off,../dataset/ModelNet10/night_stand/test/night_stand_0230.off,../dataset/ModelNet10_attacked/night_stand/test/night_stand_0230.off,True,False
victim_models/dataset/ModelNet10/night_stand/test/night_stand_0232.off,6,5,5,night_stand_0232.off,../dataset/ModelNet10/night_stand/test/night_stand_0232.off,../dataset/ModelNet10_attacked/night_stand/test/night_stand_0232.off,True,False
victim_models/dataset/ModelNet10/night_stand/test/night_stand_0234.off,6,1,1,night_stand_0234.off,../dataset/ModelNet10/night_stand/test/night_stand_0234.off,../dataset/ModelNet10_attacked/night_stand/test/night_stand_0234.off,True,False
victim_models/dataset/ModelNet10/night_stand/test/night_stand_0236.off,6,1,1,night_stand_0236.off,../dataset/ModelNet10/night_stand/test/night_stand_0236.off,../dataset/ModelNet10_attacked/night_stand/test/night_stand_0236.off,True,False
victim_models/dataset/ModelNet10/night_stand/test/night_stand_0239.off,6,2,2,night_stand_0239.off,../dataset/ModelNet10/night_stand/test/night_stand_0239.off,../dataset/ModelNet10_attacked/night_stand/test/night_stand_0239.off,True,False
victim_models/dataset/ModelNet10/night_stand/test/night_stand_0242.off,6,1,1,night_stand_0242.off,../dataset/ModelNet10/night_stand/test/night_stand_0242.off,../dataset/ModelNet10_attacked/night_stand/test/night_stand_0242.off,True,False
victim_models/dataset/ModelNet10/night_stand/test/night_stand_0246.off,6,2,2,night_stand_0246.off,../dataset/ModelNet10/night_stand/test/night_stand_0246.off,../dataset/ModelNet10_attacked/night_stand/test/night_stand_0246.off,True,False
victim_models/dataset/ModelNet10/night_stand/test/night_stand_0248.off,6,2,2,night_stand_0248.off,../dataset/ModelNet10/night_stand/test/night_stand_0248.off,../dataset/ModelNet10_attacked/night_stand/test/night_stand_0248.off,True,False
victim_models/dataset/ModelNet10/night_stand/test/night_stand_0254.off,6,1,1,night_stand_0254.off,../dataset/ModelNet10/night_stand/test/night_stand_0254.off,../dataset/ModelNet10_attacked/night_stand/test/night_stand_0254.off,True,False
victim_models/dataset/ModelNet10/night_stand/test/night_stand_0257.off,6,1,1,night_stand_0257.off,../dataset/ModelNet10/night_stand/test/night_stand_0257.off,../dataset/ModelNet10_attacked/night_stand/test/night_stand_0257.off,True,False
victim_models/dataset/ModelNet10/night_stand/test/night_stand_0259.off,6,2,2,night_stand_0259.off,../dataset/ModelNet10/night_stand/test/night_stand_0259.off,../dataset/ModelNet10_attacked/night_stand/test/night_stand_0259.off,True,False
victim_models/dataset/ModelNet10/night_stand/test/night_stand_0263.off,6,1,1,night_stand_0263.off,../dataset/ModelNet10/night_stand/test/night_stand_0263.off,../dataset/ModelNet10_attacked/night_stand/test/night_stand_0263.off,True,False
victim_models/dataset/ModelNet10/night_stand/test/night_stand_0265.off,6,2,2,night_stand_0265.off,../dataset/ModelNet10/night_stand/test/night_stand_0265.off,../dataset/ModelNet10_attacked/night_stand/test/night_stand_0265.off,True,False
victim_models/dataset/ModelNet10/night_stand/test/night_stand_0271.off,6,2,2,night_stand_0271.off,../dataset/ModelNet10/night_stand/test/night_stand_0271.off,../dataset/ModelNet10_attacked/night_stand/test/night_stand_0271.off,True,False
victim_models/dataset/ModelNet10/night_stand/test/night_stand_0274.off,6,6,6,night_stand_0274.off,../dataset/ModelNet10/night_stand/test/night_stand_0274.off,../dataset/ModelNet10_attacked/night_stand/test/night_stand_0274.off,False,False
victim_models/dataset/ModelNet10/night_stand/test/night_stand_0277.off,6,1,1,night_stand_0277.off,../dataset/ModelNet10/night_stand/test/night_stand_0277.off,../dataset/ModelNet10_attacked/night_stand/test/night_stand_0277.off,True,False
victim_models/dataset/ModelNet10/night_stand/test/night_stand_0283.off,6,1,1,night_stand_0283.off,../dataset/ModelNet10/night_stand/test/night_stand_0283.off,../dataset/ModelNet10_attacked/night_stand/test/night_stand_0283.off,True,False
victim_models/dataset/ModelNet10/night_stand/test/night_stand_0285.off,6,5,5,night_stand_0285.off,../dataset/ModelNet10/night_stand/test/night_stand_0285.off,../dataset/ModelNet10_attacked/night_stand/test/night_stand_0285.off,True,False
victim_models/dataset/ModelNet10/sofa/test/sofa_0681.off,7,8,8,sofa_0681.off,../dataset/ModelNet10/sofa/test/sofa_0681.off,../dataset/ModelNet10_attacked/sofa/test/sofa_0681.off,True,False
victim_models/dataset/ModelNet10/sofa/test/sofa_0686.off,7,1,1,sofa_0686.off,../dataset/ModelNet10/sofa/test/sofa_0686.off,../dataset/ModelNet10_attacked/sofa/test/sofa_0686.off,True,False
victim_models/dataset/ModelNet10/sofa/test/sofa_0688.off,7,2,2,sofa_0688.off,../dataset/ModelNet10/sofa/test/sofa_0688.off,../dataset/ModelNet10_attacked/sofa/test/sofa_0688.off,True,False
victim_models/dataset/ModelNet10/sofa/test/sofa_0692.off,7,1,1,sofa_0692.off,../dataset/ModelNet10/sofa/test/sofa_0692.off,../dataset/ModelNet10_attacked/sofa/test/sofa_0692.off,True,False
victim_models/dataset/ModelNet10/sofa/test/sofa_0695.off,7,3,3,sofa_0695.off,../dataset/ModelNet10/sofa/test/sofa_0695.off,../dataset/ModelNet10_attacked/sofa/test/sofa_0695.off,True,False
victim_models/dataset/ModelNet10/sofa/test/sofa_0703.off,7,1,2,sofa_0703.off,../dataset/ModelNet10/sofa/test/sofa_0703.off,../dataset/ModelNet10_attacked/sofa/test/sofa_0703.off,True,True
victim_models/dataset/ModelNet10/sofa/test/sofa_0707.off,7,2,2,sofa_0707.off,../dataset/ModelNet10/sofa/test/sofa_0707.off,../dataset/ModelNet10_attacked/sofa/test/sofa_0707.off,True,False
victim_models/dataset/ModelNet10/sofa/test/sofa_0711.off,7,7,3,sofa_0711.off,../dataset/ModelNet10/sofa/test/sofa_0711.off,../dataset/ModelNet10_attacked/sofa/test/sofa_0711.off,False,True
victim_models/dataset/ModelNet10/sofa/test/sofa_0733.off,7,2,2,sofa_0733.off,../dataset/ModelNet10/sofa/test/sofa_0733.off,../dataset/ModelNet10_attacked/sofa/test/sofa_0733.off,True,False
victim_models/dataset/ModelNet10/sofa/test/sofa_0738.off,7,1,1,sofa_0738.off,../dataset/ModelNet10/sofa/test/sofa_0738.off,../dataset/ModelNet10_attacked/sofa/test/sofa_0738.off,True,False
victim_models/dataset/ModelNet10/sofa/test/sofa_0741.off,7,7,1,sofa_0741.off,../dataset/ModelNet10/sofa/test/sofa_0741.off,../dataset/ModelNet10_attacked/sofa/test/sofa_0741.off,False,True
victim_models/dataset/ModelNet10/sofa/test/sofa_0744.off,7,3,3,sofa_0744.off,../dataset/ModelNet10/sofa/test/sofa_0744.off,../dataset/ModelNet10_attacked/sofa/test/sofa_0744.off,True,False
victim_models/dataset/ModelNet10/sofa/test/sofa_0756.off,7,7,1,sofa_0756.off,../dataset/ModelNet10/sofa/test/sofa_0756.off,../dataset/ModelNet10_attacked/sofa/test/sofa_0756.off,False,True
victim_models/dataset/ModelNet10/sofa/test/sofa_0759.off,7,1,8,sofa_0759.off,../dataset/ModelNet10/sofa/test/sofa_0759.off,../dataset/ModelNet10_attacked/sofa/test/sofa_0759.off,True,True
victim_models/dataset/ModelNet10/sofa/test/sofa_0762.off,7,1,1,sofa_0762.off,../dataset/ModelNet10/sofa/test/sofa_0762.off,../dataset/ModelNet10_attacked/sofa/test/sofa_0762.off,True,False
victim_models/dataset/ModelNet10/sofa/test/sofa_0766.off,7,1,1,sofa_0766.off,../dataset/ModelNet10/sofa/test/sofa_0766.off,../dataset/ModelNet10_attacked/sofa/test/sofa_0766.off,True,False
victim_models/dataset/ModelNet10/sofa/test/sofa_0770.off,7,1,1,sofa_0770.off,../dataset/ModelNet10/sofa/test/sofa_0770.off,../dataset/ModelNet10_attacked/sofa/test/sofa_0770.off,True,False
victim_models/dataset/ModelNet10/sofa/test/sofa_0775.off,7,1,1,sofa_0775.off,../dataset/ModelNet10/sofa/test/sofa_0775.off,../dataset/ModelNet10_attacked/sofa/test/sofa_0775.off,True,False
victim_models/dataset/ModelNet10/sofa/test/sofa_0780.off,7,8,8,sofa_0780.off,../dataset/ModelNet10/sofa/test/sofa_0780.off,../dataset/ModelNet10_attacked/sofa/test/sofa_0780.off,True,False
victim_models/dataset/ModelNet10/table/test/table_0394.off,8,8,8,table_0394.off,../dataset/ModelNet10/table/test/table_0394.off,../dataset/ModelNet10_attacked/table/test/table_0394.off,False,False
victim_models/dataset/ModelNet10/table/test/table_0397.off,8,2,2,table_0397.off,../dataset/ModelNet10/table/test/table_0397.off,../dataset/ModelNet10_attacked/table/test/table_0397.off,True,False
victim_models/dataset/ModelNet10/table/test/table_0401.off,8,1,1,table_0401.off,../dataset/ModelNet10/table/test/table_0401.off,../dataset/ModelNet10_attacked/table/test/table_0401.off,True,False
victim_models/dataset/ModelNet10/table/test/table_0404.off,8,1,1,table_0404.off,../dataset/ModelNet10/table/test/table_0404.off,../dataset/ModelNet10_attacked/table/test/table_0404.off,True,False
victim_models/dataset/ModelNet10/table/test/table_0408.off,8,1,1,table_0408.off,../dataset/ModelNet10/table/test/table_0408.off,../dataset/ModelNet10_attacked/table/test/table_0408.off,True,False
victim_models/dataset/ModelNet10/table/test/table_0410.off,8,1,1,table_0410.off,../dataset/ModelNet10/table/test/table_0410.off,../dataset/ModelNet10_attacked/table/test/table_0410.off,True,False
victim_models/dataset/ModelNet10/table/test/table_0413.off,8,8,1,table_0413.off,../dataset/ModelNet10/table/test/table_0413.off,../dataset/ModelNet10_attacked/table/test/table_0413.off,False,True
victim_models/dataset/ModelNet10/table/test/table_0415.off,8,1,1,table_0415.off,../dataset/ModelNet10/table/test/table_0415.off,../dataset/ModelNet10_attacked/table/test/table_0415.off,True,False
victim_models/dataset/ModelNet10/table/test/table_0418.off,8,1,1,table_0418.off,../dataset/ModelNet10/table/test/table_0418.off,../dataset/ModelNet10_attacked/table/test/table_0418.off,True,False
victim_models/dataset/ModelNet10/table/test/table_0420.off,8,1,1,table_0420.off,../dataset/ModelNet10/table/test/table_0420.off,../dataset/ModelNet10_attacked/table/test/table_0420.off,True,False
victim_models/dataset/ModelNet10/table/test/table_0423.off,8,2,2,table_0423.off,../dataset/ModelNet10/table/test/table_0423.off,../dataset/ModelNet10_attacked/table/test/table_0423.off,True,False
victim_models/dataset/ModelNet10/table/test/table_0427.off,8,2,2,table_0427.off,../dataset/ModelNet10/table/test/table_0427.off,../dataset/ModelNet10_attacked/table/test/table_0427.off,True,False
victim_models/dataset/ModelNet10/table/test/table_0429.off,8,1,1,table_0429.off,../dataset/ModelNet10/table/test/table_0429.off,../dataset/ModelNet10_attacked/table/test/table_0429.off,True,False
victim_models/dataset/ModelNet10/table/test/table_0433.off,8,2,2,table_0433.off,../dataset/ModelNet10/table/test/table_0433.off,../dataset/ModelNet10_attacked/table/test/table_0433.off,True,False
victim_models/dataset/ModelNet10/table/test/table_0435.off,8,1,1,table_0435.off,../dataset/ModelNet10/table/test/table_0435.off,../dataset/ModelNet10_attacked/table/test/table_0435.off,True,False
victim_models/dataset/ModelNet10/table/test/table_0437.off,8,1,1,table_0437.off,../dataset/ModelNet10/table/test/table_0437.off,../dataset/ModelNet10_attacked/table/test/table_0437.off,True,False
victim_models/dataset/ModelNet10/table/test/table_0439.off,8,2,2,table_0439.off,../dataset/ModelNet10/table/test/table_0439.off,../dataset/ModelNet10_attacked/table/test/table_0439.off,True,False
victim_models/dataset/ModelNet10/table/test/table_0441.off,8,1,1,table_0441.off,../dataset/ModelNet10/table/test/table_0441.off,../dataset/ModelNet10_attacked/table/test/table_0441.off,True,False
victim_models/dataset/ModelNet10/table/test/table_0444.off,8,1,1,table_0444.off,../dataset/ModelNet10/table/test/table_0444.off,../dataset/ModelNet10_attacked/table/test/table_0444.off,True,False
victim_models/dataset/ModelNet10/table/test/table_0447.off,8,1,1,table_0447.off,../dataset/ModelNet10/table/test/table_0447.off,../dataset/ModelNet10_attacked/table/test/table_0447.off,True,False
victim_models/dataset/ModelNet10/table/test/table_0451.off,8,1,1,table_0451.off,../dataset/ModelNet10/table/test/table_0451.off,../dataset/ModelNet10_attacked/table/test/table_0451.off,True,False
victim_models/dataset/ModelNet10/table/test/table_0455.off,8,1,1,table_0455.off,../dataset/ModelNet10/table/test/table_0455.off,../dataset/ModelNet10_attacked/table/test/table_0455.off,True,False
victim_models/dataset/ModelNet10/table/test/table_0457.off,8,1,1,table_0457.off,../dataset/ModelNet10/table/test/table_0457.off,../dataset/ModelNet10_attacked/table/test/table_0457.off,True,False
victim_models/dataset/ModelNet10/table/test/table_0462.off,8,2,2,table_0462.off,../dataset/ModelNet10/table/test/table_0462.off,../dataset/ModelNet10_attacked/table/test/table_0462.off,True,False
victim_models/dataset/ModelNet10/table/test/table_0464.off,8,1,1,table_0464.off,../dataset/ModelNet10/table/test/table_0464.off,../dataset/ModelNet10_attacked/table/test/table_0464.off,True,False
victim_models/dataset/ModelNet10/table/test/table_0467.off,8,3,3,table_0467.off,../dataset/ModelNet10/table/test/table_0467.off,../dataset/ModelNet10_attacked/table/test/table_0467.off,True,False
victim_models/dataset/ModelNet10/table/test/table_0473.off,8,1,1,table_0473.off,../dataset/ModelNet10/table/test/table_0473.off,../dataset/ModelNet10_attacked/table/test/table_0473.off,True,False
victim_models/dataset/ModelNet10/table/test/table_0475.off,8,1,1,table_0475.off,../dataset/ModelNet10/table/test/table_0475.off,../dataset/ModelNet10_attacked/table/test/table_0475.off,True,False
victim_models/dataset/ModelNet10/table/test/table_0477.off,8,1,1,table_0477.off,../dataset/ModelNet10/table/test/table_0477.off,../dataset/ModelNet10_attacked/table/test/table_0477.off,True,False
victim_models/dataset/ModelNet10/table/test/table_0480.off,8,2,2,table_0480.off,../dataset/ModelNet10/table/test/table_0480.off,../dataset/ModelNet10_attacked/table/test/table_0480.off,True,False
victim_models/dataset/ModelNet10/table/test/table_0482.off,8,1,1,table_0482.off,../dataset/ModelNet10/table/test/table_0482.off,../dataset/ModelNet10_attacked/table/test/table_0482.off,True,False
victim_models/dataset/ModelNet10/table/test/table_0486.off,8,1,1,table_0486.off,../dataset/ModelNet10/table/test/table_0486.off,../dataset/ModelNet10_attacked/table/test/table_0486.off,True,False
victim_models/dataset/ModelNet10/table/test/table_0488.off,8,1,1,table_0488.off,../dataset/ModelNet10/table/test/table_0488.off,../dataset/ModelNet10_attacked/table/test/table_0488.off,True,False
victim_models/dataset/ModelNet10/table/test/table_0490.off,8,2,2,table_0490.off,../dataset/ModelNet10/table/test/table_0490.off,../dataset/ModelNet10_attacked/table/test/table_0490.off,True,False
victim_models/dataset/ModelNet10/table/test/table_0492.off,8,1,1,table_0492.off,../dataset/ModelNet10/table/test/table_0492.off,../dataset/ModelNet10_attacked/table/test/table_0492.off,True,False
victim_models/dataset/ModelNet10/toilet/test/toilet_0346.off,9,1,1,toilet_0346.off,../dataset/ModelNet10/toilet/test/toilet_0346.off,../dataset/ModelNet10_attacked/toilet/test/toilet_0346.off,True,False
victim_models/dataset/ModelNet10/toilet/test/toilet_0353.off,9,8,8,toilet_0353.off,../dataset/ModelNet10/toilet/test/toilet_0353.off,../dataset/ModelNet10_attacked/toilet/test/toilet_0353.off,True,False
victim_models/dataset/ModelNet10/toilet/test/toilet_0358.off,9,3,3,toilet_0358.off,../dataset/ModelNet10/toilet/test/toilet_0358.off,../dataset/ModelNet10_attacked/toilet/test/toilet_0358.off,True,False
victim_models/dataset/ModelNet10/toilet/test/toilet_0363.off,9,5,5,toilet_0363.off,../dataset/ModelNet10/toilet/test/toilet_0363.off,../dataset/ModelNet10_attacked/toilet/test/toilet_0363.off,True,False
victim_models/dataset/ModelNet10/toilet/test/toilet_0383.off,9,3,3,toilet_0383.off,../dataset/ModelNet10/toilet/test/toilet_0383.off,../dataset/ModelNet10_attacked/toilet/test/toilet_0383.off,True,False
victim_models/dataset/ModelNet10/toilet/test/toilet_0393.off,9,2,2,toilet_0393.off,../dataset/ModelNet10/toilet/test/toilet_0393.off,../dataset/ModelNet10_attacked/toilet/test/toilet_0393.off,True,False
victim_models/dataset/ModelNet10/toilet/test/toilet_0403.off,9,2,2,toilet_0403.off,../dataset/ModelNet10/toilet/test/toilet_0403.off,../dataset/ModelNet10_attacked/toilet/test/toilet_0403.off,True,False
victim_models/dataset/ModelNet10/toilet/test/toilet_0417.off,9,8,8,toilet_0417.off,../dataset/ModelNet10/toilet/test/toilet_0417.off,../dataset/ModelNet10_attacked/toilet/test/toilet_0417.off,True,False
victim_models/dataset/ModelNet10/toilet/test/toilet_0434.off,9,2,2,toilet_0434.off,../dataset/ModelNet10/toilet/test/toilet_0434.off,../dataset/ModelNet10_attacked/toilet/test/toilet_0434.off,True,False
victim_models/dataset/ModelNet10/toilet/test/toilet_0438.off,9,1,1,toilet_0438.off,../dataset/ModelNet10/toilet/test/toilet_0438.off,../dataset/ModelNet10_attacked/toilet/test/toilet_0438.off,True,False
