path,true,clean,adv,lowpass,file,clean_path,adv_path,model_fail,adv_success,allowed_suffixes
victim_models/dataset/ModelNet10/bathtub/test/bathtub_0108.off,0,8,0,44,bathtub_0108.off,../dataset/ModelNet10/bathtub/test/bathtub_0108.off,../dataset/ModelNet10_attacked_filtered_le2048_pts_2048_lowpass_spec0125/bathtub/test/bathtub_0108.off,True,True,bathtub/test/bathtub_0108.npz
victim_models/dataset/ModelNet10/bathtub/test/bathtub_0116.off,0,8,0,41,bathtub_0116.off,../dataset/ModelNet10/bathtub/test/bathtub_0116.off,../dataset/ModelNet10_attacked_filtered_le2048_pts_2048_lowpass_spec0125/bathtub/test/bathtub_0116.off,True,True,bathtub/test/bathtub_0116.npz
victim_models/dataset/ModelNet10/bathtub/test/bathtub_0123.off,0,0,7,156,bathtub_0123.off,../dataset/ModelNet10/bathtub/test/bathtub_0123.off,../dataset/ModelNet10_attacked_filtered_le2048_pts_2048_lowpass_spec0125/bathtub/test/bathtub_0123.off,False,True,bathtub/test/bathtub_0123.npz
victim_models/dataset/ModelNet10/bathtub/test/bathtub_0127.off,0,0,8,95,bathtub_0127.off,../dataset/ModelNet10/bathtub/test/bathtub_0127.off,../dataset/ModelNet10_attacked_filtered_le2048_pts_2048_lowpass_spec0125/bathtub/test/bathtub_0127.off,False,True,bathtub/test/bathtub_0127.npz
victim_models/dataset/ModelNet10/bathtub/test/bathtub_0131.off,0,0,7,171,bathtub_0131.off,../dataset/ModelNet10/bathtub/test/bathtub_0131.off,../dataset/ModelNet10_attacked_filtered_le2048_pts_2048_lowpass_spec0125/bathtub/test/bathtub_0131.off,False,True,bathtub/test/bathtub_0131.npz
victim_models/dataset/ModelNet10/bathtub/test/bathtub_0134.off,0,0,8,150,bathtub_0134.off,../dataset/ModelNet10/bathtub/test/bathtub_0134.off,../dataset/ModelNet10_attacked_filtered_le2048_pts_2048_lowpass_spec0125/bathtub/test/bathtub_0134.off,False,True,bathtub/test/bathtub_0134.npz
victim_models/dataset/ModelNet10/bathtub/test/bathtub_0139.off,0,0,7,211,bathtub_0139.off,../dataset/ModelNet10/bathtub/test/bathtub_0139.off,../dataset/ModelNet10_attacked_filtered_le2048_pts_2048_lowpass_spec0125/bathtub/test/bathtub_0139.off,False,True,bathtub/test/bathtub_0139.npz
victim_models/dataset/ModelNet10/bathtub/test/bathtub_0143.off,0,0,9,130,bathtub_0143.off,../dataset/ModelNet10/bathtub/test/bathtub_0143.off,../dataset/ModelNet10_attacked_filtered_le2048_pts_2048_lowpass_spec0125/bathtub/test/bathtub_0143.off,False,True,bathtub/test/bathtub_0143.npz
victim_models/dataset/ModelNet10/bathtub/test/bathtub_0147.off,0,1,0,192,bathtub_0147.off,../dataset/ModelNet10/bathtub/test/bathtub_0147.off,../dataset/ModelNet10_attacked_filtered_le2048_pts_2048_lowpass_spec0125/bathtub/test/bathtub_0147.off,True,True,bathtub/test/bathtub_0147.npz
victim_models/dataset/ModelNet10/bathtub/test/bathtub_0152.off,0,8,1,106,bathtub_0152.off,../dataset/ModelNet10/bathtub/test/bathtub_0152.off,../dataset/ModelNet10_attacked_filtered_le2048_pts_2048_lowpass_spec0125/bathtub/test/bathtub_0152.off,True,True,bathtub/test/bathtub_0152.npz
victim_models/dataset/ModelNet10/bed/test/bed_0520.off,1,1,7,52,bed_0520.off,../dataset/ModelNet10/bed/test/bed_0520.off,../dataset/ModelNet10_attacked_filtered_le2048_pts_2048_lowpass_spec0125/bed/test/bed_0520.off,False,True,bed/test/bed_0520.npz
victim_models/dataset/ModelNet10/bed/test/bed_0525.off,1,3,1,251,bed_0525.off,../dataset/ModelNet10/bed/test/bed_0525.off,../dataset/ModelNet10_attacked_filtered_le2048_pts_2048_lowpass_spec0125/bed/test/bed_0525.off,True,True,bed/test/bed_0525.npz
victim_models/dataset/ModelNet10/bed/test/bed_0529.off,1,0,7,96,bed_0529.off,../dataset/ModelNet10/bed/test/bed_0529.off,../dataset/ModelNet10_attacked_filtered_le2048_pts_2048_lowpass_spec0125/bed/test/bed_0529.off,True,True,bed/test/bed_0529.npz
victim_models/dataset/ModelNet10/bed/test/bed_0535.off,1,1,7,214,bed_0535.off,../dataset/ModelNet10/bed/test/bed_0535.off,../dataset/ModelNet10_attacked_filtered_le2048_pts_2048_lowpass_spec0125/bed/test/bed_0535.off,False,True,bed/test/bed_0535.npz
victim_models/dataset/ModelNet10/bed/test/bed_0540.off,1,1,7,203,bed_0540.off,../dataset/ModelNet10/bed/test/bed_0540.off,../dataset/ModelNet10_attacked_filtered_le2048_pts_2048_lowpass_spec0125/bed/test/bed_0540.off,False,True,bed/test/bed_0540.npz
victim_models/dataset/ModelNet10/bed/test/bed_0543.off,1,1,2,76,bed_0543.off,../dataset/ModelNet10/bed/test/bed_0543.off,../dataset/ModelNet10_attacked_filtered_le2048_pts_2048_lowpass_spec0125/bed/test/bed_0543.off,False,True,bed/test/bed_0543.npz
victim_models/dataset/ModelNet10/bed/test/bed_0547.off,1,1,2,71,bed_0547.off,../dataset/ModelNet10/bed/test/bed_0547.off,../dataset/ModelNet10_attacked_filtered_le2048_pts_2048_lowpass_spec0125/bed/test/bed_0547.off,False,True,bed/test/bed_0547.npz
victim_models/dataset/ModelNet10/bed/test/bed_0551.off,1,7,3,117,bed_0551.off,../dataset/ModelNet10/bed/test/bed_0551.off,../dataset/ModelNet10_attacked_filtered_le2048_pts_2048_lowpass_spec0125/bed/test/bed_0551.off,True,True,bed/test/bed_0551.npz
victim_models/dataset/ModelNet10/bed/test/bed_0553.off,1,1,8,54,bed_0553.off,../dataset/ModelNet10/bed/test/bed_0553.off,../dataset/ModelNet10_attacked_filtered_le2048_pts_2048_lowpass_spec0125/bed/test/bed_0553.off,False,True,bed/test/bed_0553.npz
victim_models/dataset/ModelNet10/bed/test/bed_0563.off,1,1,7,253,bed_0563.off,../dataset/ModelNet10/bed/test/bed_0563.off,../dataset/ModelNet10_attacked_filtered_le2048_pts_2048_lowpass_spec0125/bed/test/bed_0563.off,False,True,bed/test/bed_0563.npz
victim_models/dataset/ModelNet10/bed/test/bed_0572.off,1,1,8,35,bed_0572.off,../dataset/ModelNet10/bed/test/bed_0572.off,../dataset/ModelNet10_attacked_filtered_le2048_pts_2048_lowpass_spec0125/bed/test/bed_0572.off,False,True,bed/test/bed_0572.npz
victim_models/dataset/ModelNet10/bed/test/bed_0580.off,1,1,7,248,bed_0580.off,../dataset/ModelNet10/bed/test/bed_0580.off,../dataset/ModelNet10_attacked_filtered_le2048_pts_2048_lowpass_spec0125/bed/test/bed_0580.off,False,True,bed/test/bed_0580.npz
victim_models/dataset/ModelNet10/bed/test/bed_0582.off,1,1,8,86,bed_0582.off,../dataset/ModelNet10/bed/test/bed_0582.off,../dataset/ModelNet10_attacked_filtered_le2048_pts_2048_lowpass_spec0125/bed/test/bed_0582.off,False,True,bed/test/bed_0582.npz
victim_models/dataset/ModelNet10/bed/test/bed_0588.off,1,1,7,152,bed_0588.off,../dataset/ModelNet10/bed/test/bed_0588.off,../dataset/ModelNet10_attacked_filtered_le2048_pts_2048_lowpass_spec0125/bed/test/bed_0588.off,False,True,bed/test/bed_0588.npz
victim_models/dataset/ModelNet10/bed/test/bed_0593.off,1,1,2,235,bed_0593.off,../dataset/ModelNet10/bed/test/bed_0593.off,../dataset/ModelNet10_attacked_filtered_le2048_pts_2048_lowpass_spec0125/bed/test/bed_0593.off,False,True,bed/test/bed_0593.npz
victim_models/dataset/ModelNet10/bed/test/bed_0597.off,1,1,2,37,bed_0597.off,../dataset/ModelNet10/bed/test/bed_0597.off,../dataset/ModelNet10_attacked_filtered_le2048_pts_2048_lowpass_spec0125/bed/test/bed_0597.off,False,True,bed/test/bed_0597.npz
victim_models/dataset/ModelNet10/bed/test/bed_0603.off,1,1,7,72,bed_0603.off,../dataset/ModelNet10/bed/test/bed_0603.off,../dataset/ModelNet10_attacked_filtered_le2048_pts_2048_lowpass_spec0125/bed/test/bed_0603.off,False,True,bed/test/bed_0603.npz
victim_models/dataset/ModelNet10/bed/test/bed_0605.off,1,1,8,22,bed_0605.off,../dataset/ModelNet10/bed/test/bed_0605.off,../dataset/ModelNet10_attacked_filtered_le2048_pts_2048_lowpass_spec0125/bed/test/bed_0605.off,False,True,bed/test/bed_0605.npz
victim_models/dataset/ModelNet10/bed/test/bed_0608.off,1,1,8,56,bed_0608.off,../dataset/ModelNet10/bed/test/bed_0608.off,../dataset/ModelNet10_attacked_filtered_le2048_pts_2048_lowpass_spec0125/bed/test/bed_0608.off,False,True,bed/test/bed_0608.npz
victim_models/dataset/ModelNet10/bed/test/bed_0613.off,1,1,8,47,bed_0613.off,../dataset/ModelNet10/bed/test/bed_0613.off,../dataset/ModelNet10_attacked_filtered_le2048_pts_2048_lowpass_spec0125/bed/test/bed_0613.off,False,True,bed/test/bed_0613.npz
victim_models/dataset/ModelNet10/chair/test/chair_0895.off,2,2,9,226,chair_0895.off,../dataset/ModelNet10/chair/test/chair_0895.off,../dataset/ModelNet10_attacked_filtered_le2048_pts_2048_lowpass_spec0125/chair/test/chair_0895.off,False,True,chair/test/chair_0895.npz
victim_models/dataset/ModelNet10/chair/test/chair_0897.off,2,2,9,94,chair_0897.off,../dataset/ModelNet10/chair/test/chair_0897.off,../dataset/ModelNet10_attacked_filtered_le2048_pts_2048_lowpass_spec0125/chair/test/chair_0897.off,False,True,chair/test/chair_0897.npz
victim_models/dataset/ModelNet10/chair/test/chair_0913.off,2,2,1,108,chair_0913.off,../dataset/ModelNet10/chair/test/chair_0913.off,../dataset/ModelNet10_attacked_filtered_le2048_pts_2048_lowpass_spec0125/chair/test/chair_0913.off,False,True,chair/test/chair_0913.npz
victim_models/dataset/ModelNet10/chair/test/chair_0925.off,2,2,9,21,chair_0925.off,../dataset/ModelNet10/chair/test/chair_0925.off,../dataset/ModelNet10_attacked_filtered_le2048_pts_2048_lowpass_spec0125/chair/test/chair_0925.off,False,True,chair/test/chair_0925.npz
victim_models/dataset/ModelNet10/chair/test/chair_0939.off,2,2,9,82,chair_0939.off,../dataset/ModelNet10/chair/test/chair_0939.off,../dataset/ModelNet10_attacked_filtered_le2048_pts_2048_lowpass_spec0125/chair/test/chair_0939.off,False,True,chair/test/chair_0939.npz
victim_models/dataset/ModelNet10/chair/test/chair_0946.off,2,2,2,171,chair_0946.off,../dataset/ModelNet10/chair/test/chair_0946.off,../dataset/ModelNet10_attacked_filtered_le2048_pts_2048_lowpass_spec0125/chair/test/chair_0946.off,False,False,chair/test/chair_0946.npz
victim_models/dataset/ModelNet10/chair/test/chair_0950.off,2,2,1,32,chair_0950.off,../dataset/ModelNet10/chair/test/chair_0950.off,../dataset/ModelNet10_attacked_filtered_le2048_pts_2048_lowpass_spec0125/chair/test/chair_0950.off,False,True,chair/test/chair_0950.npz
victim_models/dataset/ModelNet10/chair/test/chair_0958.off,2,2,6,78,chair_0958.off,../dataset/ModelNet10/chair/test/chair_0958.off,../dataset/ModelNet10_attacked_filtered_le2048_pts_2048_lowpass_spec0125/chair/test/chair_0958.off,False,True,chair/test/chair_0958.npz
victim_models/dataset/ModelNet10/chair/test/chair_0974.off,2,2,9,211,chair_0974.off,../dataset/ModelNet10/chair/test/chair_0974.off,../dataset/ModelNet10_attacked_filtered_le2048_pts_2048_lowpass_spec0125/chair/test/chair_0974.off,False,True,chair/test/chair_0974.npz
victim_models/dataset/ModelNet10/chair/test/chair_0977.off,2,2,3,29,chair_0977.off,../dataset/ModelNet10/chair/test/chair_0977.off,../dataset/ModelNet10_attacked_filtered_le2048_pts_2048_lowpass_spec0125/chair/test/chair_0977.off,False,True,chair/test/chair_0977.npz
victim_models/dataset/ModelNet10/chair/test/chair_0984.off,2,2,3,179,chair_0984.off,../dataset/ModelNet10/chair/test/chair_0984.off,../dataset/ModelNet10_attacked_filtered_le2048_pts_2048_lowpass_spec0125/chair/test/chair_0984.off,False,True,chair/test/chair_0984.npz
victim_models/dataset/ModelNet10/desk/test/desk_0203.off,3,3,6,66,desk_0203.off,../dataset/ModelNet10/desk/test/desk_0203.off,../dataset/ModelNet10_attacked_filtered_le2048_pts_2048_lowpass_spec0125/desk/test/desk_0203.off,False,True,desk/test/desk_0203.npz
victim_models/dataset/ModelNet10/desk/test/desk_0206.off,3,3,9,114,desk_0206.off,../dataset/ModelNet10/desk/test/desk_0206.off,../dataset/ModelNet10_attacked_filtered_le2048_pts_2048_lowpass_spec0125/desk/test/desk_0206.off,False,True,desk/test/desk_0206.npz
victim_models/dataset/ModelNet10/desk/test/desk_0208.off,3,3,3,25,desk_0208.off,../dataset/ModelNet10/desk/test/desk_0208.off,../dataset/ModelNet10_attacked_filtered_le2048_pts_2048_lowpass_spec0125/desk/test/desk_0208.off,False,False,desk/test/desk_0208.npz
victim_models/dataset/ModelNet10/desk/test/desk_0214.off,3,3,4,41,desk_0214.off,../dataset/ModelNet10/desk/test/desk_0214.off,../dataset/ModelNet10_attacked_filtered_le2048_pts_2048_lowpass_spec0125/desk/test/desk_0214.off,False,True,desk/test/desk_0214.npz
victim_models/dataset/ModelNet10/desk/test/desk_0217.off,3,3,4,55,desk_0217.off,../dataset/ModelNet10/desk/test/desk_0217.off,../dataset/ModelNet10_attacked_filtered_le2048_pts_2048_lowpass_spec0125/desk/test/desk_0217.off,False,True,desk/test/desk_0217.npz
victim_models/dataset/ModelNet10/desk/test/desk_0221.off,3,3,7,176,desk_0221.off,../dataset/ModelNet10/desk/test/desk_0221.off,../dataset/ModelNet10_attacked_filtered_le2048_pts_2048_lowpass_spec0125/desk/test/desk_0221.off,False,True,desk/test/desk_0221.npz
victim_models/dataset/ModelNet10/desk/test/desk_0229.off,3,8,7,38,desk_0229.off,../dataset/ModelNet10/desk/test/desk_0229.off,../dataset/ModelNet10_attacked_filtered_le2048_pts_2048_lowpass_spec0125/desk/test/desk_0229.off,True,True,desk/test/desk_0229.npz
victim_models/dataset/ModelNet10/desk/test/desk_0233.off,3,3,3,183,desk_0233.off,../dataset/ModelNet10/desk/test/desk_0233.off,../dataset/ModelNet10_attacked_filtered_le2048_pts_2048_lowpass_spec0125/desk/test/desk_0233.off,False,False,desk/test/desk_0233.npz
victim_models/dataset/ModelNet10/desk/test/desk_0237.off,3,3,7,50,desk_0237.off,../dataset/ModelNet10/desk/test/desk_0237.off,../dataset/ModelNet10_attacked_filtered_le2048_pts_2048_lowpass_spec0125/desk/test/desk_0237.off,False,True,desk/test/desk_0237.npz
victim_models/dataset/ModelNet10/desk/test/desk_0239.off,3,0,7,217,desk_0239.off,../dataset/ModelNet10/desk/test/desk_0239.off,../dataset/ModelNet10_attacked_filtered_le2048_pts_2048_lowpass_spec0125/desk/test/desk_0239.off,True,True,desk/test/desk_0239.npz
victim_models/dataset/ModelNet10/desk/test/desk_0241.off,3,3,7,149,desk_0241.off,../dataset/ModelNet10/desk/test/desk_0241.off,../dataset/ModelNet10_attacked_filtered_le2048_pts_2048_lowpass_spec0125/desk/test/desk_0241.off,False,True,desk/test/desk_0241.npz
victim_models/dataset/ModelNet10/desk/test/desk_0246.off,3,3,0,23,desk_0246.off,../dataset/ModelNet10/desk/test/desk_0246.off,../dataset/ModelNet10_attacked_filtered_le2048_pts_2048_lowpass_spec0125/desk/test/desk_0246.off,False,True,desk/test/desk_0246.npz
victim_models/dataset/ModelNet10/desk/test/desk_0249.off,3,3,8,247,desk_0249.off,../dataset/ModelNet10/desk/test/desk_0249.off,../dataset/ModelNet10_attacked_filtered_le2048_pts_2048_lowpass_spec0125/desk/test/desk_0249.off,False,True,desk/test/desk_0249.npz
victim_models/dataset/ModelNet10/desk/test/desk_0253.off,3,7,7,176,desk_0253.off,../dataset/ModelNet10/desk/test/desk_0253.off,../dataset/ModelNet10_attacked_filtered_le2048_pts_2048_lowpass_spec0125/desk/test/desk_0253.off,True,False,desk/test/desk_0253.npz
victim_models/dataset/ModelNet10/desk/test/desk_0257.off,3,0,7,109,desk_0257.off,../dataset/ModelNet10/desk/test/desk_0257.off,../dataset/ModelNet10_attacked_filtered_le2048_pts_2048_lowpass_spec0125/desk/test/desk_0257.off,True,True,desk/test/desk_0257.npz
victim_models/dataset/ModelNet10/desk/test/desk_0262.off,3,3,7,121,desk_0262.off,../dataset/ModelNet10/desk/test/desk_0262.off,../dataset/ModelNet10_attacked_filtered_le2048_pts_2048_lowpass_spec0125/desk/test/desk_0262.off,False,True,desk/test/desk_0262.npz
victim_models/dataset/ModelNet10/desk/test/desk_0265.off,3,8,6,73,desk_0265.off,../dataset/ModelNet10/desk/test/desk_0265.off,../dataset/ModelNet10_attacked_filtered_le2048_pts_2048_lowpass_spec0125/desk/test/desk_0265.off,True,True,desk/test/desk_0265.npz
victim_models/dataset/ModelNet10/desk/test/desk_0268.off,3,3,7,192,desk_0268.off,../dataset/ModelNet10/desk/test/desk_0268.off,../dataset/ModelNet10_attacked_filtered_le2048_pts_2048_lowpass_spec0125/desk/test/desk_0268.off,False,True,desk/test/desk_0268.npz
victim_models/dataset/ModelNet10/desk/test/desk_0274.off,3,3,7,74,desk_0274.off,../dataset/ModelNet10/desk/test/desk_0274.off,../dataset/ModelNet10_attacked_filtered_le2048_pts_2048_lowpass_spec0125/desk/test/desk_0274.off,False,True,desk/test/desk_0274.npz
victim_models/dataset/ModelNet10/desk/test/desk_0276.off,3,3,8,200,desk_0276.off,../dataset/ModelNet10/desk/test/desk_0276.off,../dataset/ModelNet10_attacked_filtered_le2048_pts_2048_lowpass_spec0125/desk/test/desk_0276.off,False,True,desk/test/desk_0276.npz
victim_models/dataset/ModelNet10/desk/test/desk_0280.off,3,3,8,81,desk_0280.off,../dataset/ModelNet10/desk/test/desk_0280.off,../dataset/ModelNet10_attacked_filtered_le2048_pts_2048_lowpass_spec0125/desk/test/desk_0280.off,False,True,desk/test/desk_0280.npz
victim_models/dataset/ModelNet10/desk/test/desk_0284.off,3,3,4,173,desk_0284.off,../dataset/ModelNet10/desk/test/desk_0284.off,../dataset/ModelNet10_attacked_filtered_le2048_pts_2048_lowpass_spec0125/desk/test/desk_0284.off,False,True,desk/test/desk_0284.npz
victim_models/dataset/ModelNet10/dresser/test/dresser_0203.off,4,4,5,41,dresser_0203.off,../dataset/ModelNet10/dresser/test/dresser_0203.off,../dataset/ModelNet10_attacked_filtered_le2048_pts_2048_lowpass_spec0125/dresser/test/dresser_0203.off,False,True,dresser/test/dresser_0203.npz
victim_models/dataset/ModelNet10/dresser/test/dresser_0206.off,4,4,6,50,dresser_0206.off,../dataset/ModelNet10/dresser/test/dresser_0206.off,../dataset/ModelNet10_attacked_filtered_le2048_pts_2048_lowpass_spec0125/dresser/test/dresser_0206.off,False,True,dresser/test/dresser_0206.npz
victim_models/dataset/ModelNet10/dresser/test/dresser_0209.off,4,4,6,98,dresser_0209.off,../dataset/ModelNet10/dresser/test/dresser_0209.off,../dataset/ModelNet10_attacked_filtered_le2048_pts_2048_lowpass_spec0125/dresser/test/dresser_0209.off,False,True,dresser/test/dresser_0209.npz
victim_models/dataset/ModelNet10/dresser/test/dresser_0211.off,4,4,6,68,dresser_0211.off,../dataset/ModelNet10/dresser/test/dresser_0211.off,../dataset/ModelNet10_attacked_filtered_le2048_pts_2048_lowpass_spec0125/dresser/test/dresser_0211.off,False,True,dresser/test/dresser_0211.npz
victim_models/dataset/ModelNet10/dresser/test/dresser_0215.off,4,4,2,137,dresser_0215.off,../dataset/ModelNet10/dresser/test/dresser_0215.off,../dataset/ModelNet10_attacked_filtered_le2048_pts_2048_lowpass_spec0125/dresser/test/dresser_0215.off,False,True,dresser/test/dresser_0215.npz
victim_models/dataset/ModelNet10/dresser/test/dresser_0219.off,4,4,2,211,dresser_0219.off,../dataset/ModelNet10/dresser/test/dresser_0219.off,../dataset/ModelNet10_attacked_filtered_le2048_pts_2048_lowpass_spec0125/dresser/test/dresser_0219.off,False,True,dresser/test/dresser_0219.npz
victim_models/dataset/ModelNet10/dresser/test/dresser_0221.off,4,4,6,42,dresser_0221.off,../dataset/ModelNet10/dresser/test/dresser_0221.off,../dataset/ModelNet10_attacked_filtered_le2048_pts_2048_lowpass_spec0125/dresser/test/dresser_0221.off,False,True,dresser/test/dresser_0221.npz
victim_models/dataset/ModelNet10/dresser/test/dresser_0227.off,4,4,6,108,dresser_0227.off,../dataset/ModelNet10/dresser/test/dresser_0227.off,../dataset/ModelNet10_attacked_filtered_le2048_pts_2048_lowpass_spec0125/dresser/test/dresser_0227.off,False,True,dresser/test/dresser_0227.npz
victim_models/dataset/ModelNet10/dresser/test/dresser_0231.off,4,4,3,59,dresser_0231.off,../dataset/ModelNet10/dresser/test/dresser_0231.off,../dataset/ModelNet10_attacked_filtered_le2048_pts_2048_lowpass_spec0125/dresser/test/dresser_0231.off,False,True,dresser/test/dresser_0231.npz
victim_models/dataset/ModelNet10/dresser/test/dresser_0238.off,4,4,6,179,dresser_0238.off,../dataset/ModelNet10/dresser/test/dresser_0238.off,../dataset/ModelNet10_attacked_filtered_le2048_pts_2048_lowpass_spec0125/dresser/test/dresser_0238.off,False,True,dresser/test/dresser_0238.npz
victim_models/dataset/ModelNet10/dresser/test/dresser_0241.off,4,4,4,143,dresser_0241.off,../dataset/ModelNet10/dresser/test/dresser_0241.off,../dataset/ModelNet10_attacked_filtered_le2048_pts_2048_lowpass_spec0125/dresser/test/dresser_0241.off,False,False,dresser/test/dresser_0241.npz
victim_models/dataset/ModelNet10/dresser/test/dresser_0246.off,4,6,4,63,dresser_0246.off,../dataset/ModelNet10/dresser/test/dresser_0246.off,../dataset/ModelNet10_attacked_filtered_le2048_pts_2048_lowpass_spec0125/dresser/test/dresser_0246.off,True,True,dresser/test/dresser_0246.npz
victim_models/dataset/ModelNet10/dresser/test/dresser_0248.off,4,4,5,99,dresser_0248.off,../dataset/ModelNet10/dresser/test/dresser_0248.off,../dataset/ModelNet10_attacked_filtered_le2048_pts_2048_lowpass_spec0125/dresser/test/dresser_0248.off,False,True,dresser/test/dresser_0248.npz
victim_models/dataset/ModelNet10/dresser/test/dresser_0253.off,4,4,3,86,dresser_0253.off,../dataset/ModelNet10/dresser/test/dresser_0253.off,../dataset/ModelNet10_attacked_filtered_le2048_pts_2048_lowpass_spec0125/dresser/test/dresser_0253.off,False,True,dresser/test/dresser_0253.npz
victim_models/dataset/ModelNet10/dresser/test/dresser_0255.off,4,4,4,18,dresser_0255.off,../dataset/ModelNet10/dresser/test/dresser_0255.off,../dataset/ModelNet10_attacked_filtered_le2048_pts_2048_lowpass_spec0125/dresser/test/dresser_0255.off,False,False,dresser/test/dresser_0255.npz
victim_models/dataset/ModelNet10/dresser/test/dresser_0260.off,4,4,6,181,dresser_0260.off,../dataset/ModelNet10/dresser/test/dresser_0260.off,../dataset/ModelNet10_attacked_filtered_le2048_pts_2048_lowpass_spec0125/dresser/test/dresser_0260.off,False,True,dresser/test/dresser_0260.npz
victim_models/dataset/ModelNet10/dresser/test/dresser_0263.off,4,4,5,60,dresser_0263.off,../dataset/ModelNet10/dresser/test/dresser_0263.off,../dataset/ModelNet10_attacked_filtered_le2048_pts_2048_lowpass_spec0125/dresser/test/dresser_0263.off,False,True,dresser/test/dresser_0263.npz
victim_models/dataset/ModelNet10/dresser/test/dresser_0266.off,4,4,2,48,dresser_0266.off,../dataset/ModelNet10/dresser/test/dresser_0266.off,../dataset/ModelNet10_attacked_filtered_le2048_pts_2048_lowpass_spec0125/dresser/test/dresser_0266.off,False,True,dresser/test/dresser_0266.npz
victim_models/dataset/ModelNet10/dresser/test/dresser_0269.off,4,4,6,193,dresser_0269.off,../dataset/ModelNet10/dresser/test/dresser_0269.off,../dataset/ModelNet10_attacked_filtered_le2048_pts_2048_lowpass_spec0125/dresser/test/dresser_0269.off,False,True,dresser/test/dresser_0269.npz
victim_models/dataset/ModelNet10/dresser/test/dresser_0273.off,4,4,6,85,dresser_0273.off,../dataset/ModelNet10/dresser/test/dresser_0273.off,../dataset/ModelNet10_attacked_filtered_le2048_pts_2048_lowpass_spec0125/dresser/test/dresser_0273.off,False,True,dresser/test/dresser_0273.npz
victim_models/dataset/ModelNet10/dresser/test/dresser_0280.off,4,4,4,179,dresser_0280.off,../dataset/ModelNet10/dresser/test/dresser_0280.off,../dataset/ModelNet10_attacked_filtered_le2048_pts_2048_lowpass_spec0125/dresser/test/dresser_0280.off,False,False,dresser/test/dresser_0280.npz
victim_models/dataset/ModelNet10/dresser/test/dresser_0282.off,4,4,2,126,dresser_0282.off,../dataset/ModelNet10/dresser/test/dresser_0282.off,../dataset/ModelNet10_attacked_filtered_le2048_pts_2048_lowpass_spec0125/dresser/test/dresser_0282.off,False,True,dresser/test/dresser_0282.npz
victim_models/dataset/ModelNet10/dresser/test/dresser_0284.off,4,6,2,140,dresser_0284.off,../dataset/ModelNet10/dresser/test/dresser_0284.off,../dataset/ModelNet10_attacked_filtered_le2048_pts_2048_lowpass_spec0125/dresser/test/dresser_0284.off,True,True,dresser/test/dresser_0284.npz
victim_models/dataset/ModelNet10/monitor/test/monitor_0468.off,5,5,0,30,monitor_0468.off,../dataset/ModelNet10/monitor/test/monitor_0468.off,../dataset/ModelNet10_attacked_filtered_le2048_pts_2048_lowpass_spec0125/monitor/test/monitor_0468.off,False,True,monitor/test/monitor_0468.npz
victim_models/dataset/ModelNet10/monitor/test/monitor_0475.off,5,5,2,71,monitor_0475.off,../dataset/ModelNet10/monitor/test/monitor_0475.off,../dataset/ModelNet10_attacked_filtered_le2048_pts_2048_lowpass_spec0125/monitor/test/monitor_0475.off,False,True,monitor/test/monitor_0475.npz
victim_models/dataset/ModelNet10/monitor/test/monitor_0478.off,5,5,8,87,monitor_0478.off,../dataset/ModelNet10/monitor/test/monitor_0478.off,../dataset/ModelNet10_attacked_filtered_le2048_pts_2048_lowpass_spec0125/monitor/test/monitor_0478.off,False,True,monitor/test/monitor_0478.npz
victim_models/dataset/ModelNet10/monitor/test/monitor_0480.off,5,5,8,90,monitor_0480.off,../dataset/ModelNet10/monitor/test/monitor_0480.off,../dataset/ModelNet10_attacked_filtered_le2048_pts_2048_lowpass_spec0125/monitor/test/monitor_0480.off,False,True,monitor/test/monitor_0480.npz
victim_models/dataset/ModelNet10/monitor/test/monitor_0483.off,5,5,2,190,monitor_0483.off,../dataset/ModelNet10/monitor/test/monitor_0483.off,../dataset/ModelNet10_attacked_filtered_le2048_pts_2048_lowpass_spec0125/monitor/test/monitor_0483.off,False,True,monitor/test/monitor_0483.npz
victim_models/dataset/ModelNet10/monitor/test/monitor_0486.off,5,5,9,72,monitor_0486.off,../dataset/ModelNet10/monitor/test/monitor_0486.off,../dataset/ModelNet10_attacked_filtered_le2048_pts_2048_lowpass_spec0125/monitor/test/monitor_0486.off,False,True,monitor/test/monitor_0486.npz
victim_models/dataset/ModelNet10/monitor/test/monitor_0491.off,5,5,9,78,monitor_0491.off,../dataset/ModelNet10/monitor/test/monitor_0491.off,../dataset/ModelNet10_attacked_filtered_le2048_pts_2048_lowpass_spec0125/monitor/test/monitor_0491.off,False,True,monitor/test/monitor_0491.npz
victim_models/dataset/ModelNet10/monitor/test/monitor_0495.off,5,5,8,252,monitor_0495.off,../dataset/ModelNet10/monitor/test/monitor_0495.off,../dataset/ModelNet10_attacked_filtered_le2048_pts_2048_lowpass_spec0125/monitor/test/monitor_0495.off,False,True,monitor/test/monitor_0495.npz
victim_models/dataset/ModelNet10/monitor/test/monitor_0498.off,5,5,0,123,monitor_0498.off,../dataset/ModelNet10/monitor/test/monitor_0498.off,../dataset/ModelNet10_attacked_filtered_le2048_pts_2048_lowpass_spec0125/monitor/test/monitor_0498.off,False,True,monitor/test/monitor_0498.npz
victim_models/dataset/ModelNet10/monitor/test/monitor_0505.off,5,5,9,182,monitor_0505.off,../dataset/ModelNet10/monitor/test/monitor_0505.off,../dataset/ModelNet10_attacked_filtered_le2048_pts_2048_lowpass_spec0125/monitor/test/monitor_0505.off,False,True,monitor/test/monitor_0505.npz
victim_models/dataset/ModelNet10/monitor/test/monitor_0514.off,5,5,2,176,monitor_0514.off,../dataset/ModelNet10/monitor/test/monitor_0514.off,../dataset/ModelNet10_attacked_filtered_le2048_pts_2048_lowpass_spec0125/monitor/test/monitor_0514.off,False,True,monitor/test/monitor_0514.npz
victim_models/dataset/ModelNet10/monitor/test/monitor_0516.off,5,5,8,19,monitor_0516.off,../dataset/ModelNet10/monitor/test/monitor_0516.off,../dataset/ModelNet10_attacked_filtered_le2048_pts_2048_lowpass_spec0125/monitor/test/monitor_0516.off,False,True,monitor/test/monitor_0516.npz
victim_models/dataset/ModelNet10/monitor/test/monitor_0520.off,5,5,3,71,monitor_0520.off,../dataset/ModelNet10/monitor/test/monitor_0520.off,../dataset/ModelNet10_attacked_filtered_le2048_pts_2048_lowpass_spec0125/monitor/test/monitor_0520.off,False,True,monitor/test/monitor_0520.npz
victim_models/dataset/ModelNet10/monitor/test/monitor_0524.off,5,5,0,171,monitor_0524.off,../dataset/ModelNet10/monitor/test/monitor_0524.off,../dataset/ModelNet10_attacked_filtered_le2048_pts_2048_lowpass_spec0125/monitor/test/monitor_0524.off,False,True,monitor/test/monitor_0524.npz
victim_models/dataset/ModelNet10/monitor/test/monitor_0526.off,5,5,6,14,monitor_0526.off,../dataset/ModelNet10/monitor/test/monitor_0526.off,../dataset/ModelNet10_attacked_filtered_le2048_pts_2048_lowpass_spec0125/monitor/test/monitor_0526.off,False,True,monitor/test/monitor_0526.npz
victim_models/dataset/ModelNet10/monitor/test/monitor_0530.off,5,5,4,41,monitor_0530.off,../dataset/ModelNet10/monitor/test/monitor_0530.off,../dataset/ModelNet10_attacked_filtered_le2048_pts_2048_lowpass_spec0125/monitor/test/monitor_0530.off,False,True,monitor/test/monitor_0530.npz
victim_models/dataset/ModelNet10/monitor/test/monitor_0532.off,5,5,8,44,monitor_0532.off,../dataset/ModelNet10/monitor/test/monitor_0532.off,../dataset/ModelNet10_attacked_filtered_le2048_pts_2048_lowpass_spec0125/monitor/test/monitor_0532.off,False,True,monitor/test/monitor_0532.npz
victim_models/dataset/ModelNet10/monitor/test/monitor_0534.off,5,5,8,172,monitor_0534.off,../dataset/ModelNet10/monitor/test/monitor_0534.off,../dataset/ModelNet10_attacked_filtered_le2048_pts_2048_lowpass_spec0125/monitor/test/monitor_0534.off,False,True,monitor/test/monitor_0534.npz
victim_models/dataset/ModelNet10/monitor/test/monitor_0536.off,5,5,2,117,monitor_0536.off,../dataset/ModelNet10/monitor/test/monitor_0536.off,../dataset/ModelNet10_attacked_filtered_le2048_pts_2048_lowpass_spec0125/monitor/test/monitor_0536.off,False,True,monitor/test/monitor_0536.npz
victim_models/dataset/ModelNet10/monitor/test/monitor_0541.off,5,5,1,120,monitor_0541.off,../dataset/ModelNet10/monitor/test/monitor_0541.off,../dataset/ModelNet10_attacked_filtered_le2048_pts_2048_lowpass_spec0125/monitor/test/monitor_0541.off,False,True,monitor/test/monitor_0541.npz
victim_models/dataset/ModelNet10/monitor/test/monitor_0544.off,5,5,2,91,monitor_0544.off,../dataset/ModelNet10/monitor/test/monitor_0544.off,../dataset/ModelNet10_attacked_filtered_le2048_pts_2048_lowpass_spec0125/monitor/test/monitor_0544.off,False,True,monitor/test/monitor_0544.npz
victim_models/dataset/ModelNet10/monitor/test/monitor_0546.off,5,5,2,21,monitor_0546.off,../dataset/ModelNet10/monitor/test/monitor_0546.off,../dataset/ModelNet10_attacked_filtered_le2048_pts_2048_lowpass_spec0125/monitor/test/monitor_0546.off,False,True,monitor/test/monitor_0546.npz
victim_models/dataset/ModelNet10/monitor/test/monitor_0548.off,5,5,2,67,monitor_0548.off,../dataset/ModelNet10/monitor/test/monitor_0548.off,../dataset/ModelNet10_attacked_filtered_le2048_pts_2048_lowpass_spec0125/monitor/test/monitor_0548.off,False,True,monitor/test/monitor_0548.npz
victim_models/dataset/ModelNet10/monitor/test/monitor_0553.off,5,5,2,41,monitor_0553.off,../dataset/ModelNet10/monitor/test/monitor_0553.off,../dataset/ModelNet10_attacked_filtered_le2048_pts_2048_lowpass_spec0125/monitor/test/monitor_0553.off,False,True,monitor/test/monitor_0553.npz
victim_models/dataset/ModelNet10/monitor/test/monitor_0555.off,5,5,0,35,monitor_0555.off,../dataset/ModelNet10/monitor/test/monitor_0555.off,../dataset/ModelNet10_attacked_filtered_le2048_pts_2048_lowpass_spec0125/monitor/test/monitor_0555.off,False,True,monitor/test/monitor_0555.npz
victim_models/dataset/ModelNet10/monitor/test/monitor_0558.off,5,5,5,255,monitor_0558.off,../dataset/ModelNet10/monitor/test/monitor_0558.off,../dataset/ModelNet10_attacked_filtered_le2048_pts_2048_lowpass_spec0125/monitor/test/monitor_0558.off,False,False,monitor/test/monitor_0558.npz
victim_models/dataset/ModelNet10/monitor/test/monitor_0561.off,5,5,2,243,monitor_0561.off,../dataset/ModelNet10/monitor/test/monitor_0561.off,../dataset/ModelNet10_attacked_filtered_le2048_pts_2048_lowpass_spec0125/monitor/test/monitor_0561.off,False,True,monitor/test/monitor_0561.npz
victim_models/dataset/ModelNet10/monitor/test/monitor_0563.off,5,5,2,91,monitor_0563.off,../dataset/ModelNet10/monitor/test/monitor_0563.off,../dataset/ModelNet10_attacked_filtered_le2048_pts_2048_lowpass_spec0125/monitor/test/monitor_0563.off,False,True,monitor/test/monitor_0563.npz
victim_models/dataset/ModelNet10/monitor/test/monitor_0565.off,5,5,9,113,monitor_0565.off,../dataset/ModelNet10/monitor/test/monitor_0565.off,../dataset/ModelNet10_attacked_filtered_le2048_pts_2048_lowpass_spec0125/monitor/test/monitor_0565.off,False,True,monitor/test/monitor_0565.npz
victim_models/dataset/ModelNet10/night_stand/test/night_stand_0207.off,6,8,6,46,night_stand_0207.off,../dataset/ModelNet10/night_stand/test/night_stand_0207.off,../dataset/ModelNet10_attacked_filtered_le2048_pts_2048_lowpass_spec0125/night_stand/test/night_stand_0207.off,True,True,night_stand/test/night_stand_0207.npz
victim_models/dataset/ModelNet10/night_stand/test/night_stand_0210.off,6,3,2,96,night_stand_0210.off,../dataset/ModelNet10/night_stand/test/night_stand_0210.off,../dataset/ModelNet10_attacked_filtered_le2048_pts_2048_lowpass_spec0125/night_stand/test/night_stand_0210.off,True,True,night_stand/test/night_stand_0210.npz
victim_models/dataset/ModelNet10/night_stand/test/night_stand_0215.off,6,4,6,60,night_stand_0215.off,../dataset/ModelNet10/night_stand/test/night_stand_0215.off,../dataset/ModelNet10_attacked_filtered_le2048_pts_2048_lowpass_spec0125/night_stand/test/night_stand_0215.off,True,True,night_stand/test/night_stand_0215.npz
victim_models/dataset/ModelNet10/night_stand/test/night_stand_0217.off,6,3,6,196,night_stand_0217.off,../dataset/ModelNet10/night_stand/test/night_stand_0217.off,../dataset/ModelNet10_attacked_filtered_le2048_pts_2048_lowpass_spec0125/night_stand/test/night_stand_0217.off,True,True,night_stand/test/night_stand_0217.npz
victim_models/dataset/ModelNet10/night_stand/test/night_stand_0220.off,6,6,4,150,night_stand_0220.off,../dataset/ModelNet10/night_stand/test/night_stand_0220.off,../dataset/ModelNet10_attacked_filtered_le2048_pts_2048_lowpass_spec0125/night_stand/test/night_stand_0220.off,False,True,night_stand/test/night_stand_0220.npz
victim_models/dataset/ModelNet10/night_stand/test/night_stand_0222.off,6,4,6,142,night_stand_0222.off,../dataset/ModelNet10/night_stand/test/night_stand_0222.off,../dataset/ModelNet10_attacked_filtered_le2048_pts_2048_lowpass_spec0125/night_stand/test/night_stand_0222.off,True,True,night_stand/test/night_stand_0222.npz
victim_models/dataset/ModelNet10/night_stand/test/night_stand_0224.off,6,4,4,22,night_stand_0224.off,../dataset/ModelNet10/night_stand/test/night_stand_0224.off,../dataset/ModelNet10_attacked_filtered_le2048_pts_2048_lowpass_spec0125/night_stand/test/night_stand_0224.off,True,False,night_stand/test/night_stand_0224.npz
victim_models/dataset/ModelNet10/night_stand/test/night_stand_0228.off,6,8,3,30,night_stand_0228.off,../dataset/ModelNet10/night_stand/test/night_stand_0228.off,../dataset/ModelNet10_attacked_filtered_le2048_pts_2048_lowpass_spec0125/night_stand/test/night_stand_0228.off,True,True,night_stand/test/night_stand_0228.npz
victim_models/dataset/ModelNet10/night_stand/test/night_stand_0231.off,6,3,4,70,night_stand_0231.off,../dataset/ModelNet10/night_stand/test/night_stand_0231.off,../dataset/ModelNet10_attacked_filtered_le2048_pts_2048_lowpass_spec0125/night_stand/test/night_stand_0231.off,True,True,night_stand/test/night_stand_0231.npz
victim_models/dataset/ModelNet10/night_stand/test/night_stand_0233.off,6,1,6,114,night_stand_0233.off,../dataset/ModelNet10/night_stand/test/night_stand_0233.off,../dataset/ModelNet10_attacked_filtered_le2048_pts_2048_lowpass_spec0125/night_stand/test/night_stand_0233.off,True,True,night_stand/test/night_stand_0233.npz
victim_models/dataset/ModelNet10/night_stand/test/night_stand_0235.off,6,6,4,208,night_stand_0235.off,../dataset/ModelNet10/night_stand/test/night_stand_0235.off,../dataset/ModelNet10_attacked_filtered_le2048_pts_2048_lowpass_spec0125/night_stand/test/night_stand_0235.off,False,True,night_stand/test/night_stand_0235.npz
victim_models/dataset/ModelNet10/night_stand/test/night_stand_0238.off,6,6,4,182,night_stand_0238.off,../dataset/ModelNet10/night_stand/test/night_stand_0238.off,../dataset/ModelNet10_attacked_filtered_le2048_pts_2048_lowpass_spec0125/night_stand/test/night_stand_0238.off,False,True,night_stand/test/night_stand_0238.npz
victim_models/dataset/ModelNet10/night_stand/test/night_stand_0241.off,6,6,4,21,night_stand_0241.off,../dataset/ModelNet10/night_stand/test/night_stand_0241.off,../dataset/ModelNet10_attacked_filtered_le2048_pts_2048_lowpass_spec0125/night_stand/test/night_stand_0241.off,False,True,night_stand/test/night_stand_0241.npz
victim_models/dataset/ModelNet10/night_stand/test/night_stand_0243.off,6,4,6,36,night_stand_0243.off,../dataset/ModelNet10/night_stand/test/night_stand_0243.off,../dataset/ModelNet10_attacked_filtered_le2048_pts_2048_lowpass_spec0125/night_stand/test/night_stand_0243.off,True,True,night_stand/test/night_stand_0243.npz
victim_models/dataset/ModelNet10/night_stand/test/night_stand_0247.off,6,4,6,82,night_stand_0247.off,../dataset/ModelNet10/night_stand/test/night_stand_0247.off,../dataset/ModelNet10_attacked_filtered_le2048_pts_2048_lowpass_spec0125/night_stand/test/night_stand_0247.off,True,True,night_stand/test/night_stand_0247.npz
victim_models/dataset/ModelNet10/night_stand/test/night_stand_0251.off,6,6,2,80,night_stand_0251.off,../dataset/ModelNet10/night_stand/test/night_stand_0251.off,../dataset/ModelNet10_attacked_filtered_le2048_pts_2048_lowpass_spec0125/night_stand/test/night_stand_0251.off,False,True,night_stand/test/night_stand_0251.npz
victim_models/dataset/ModelNet10/night_stand/test/night_stand_0255.off,6,6,8,22,night_stand_0255.off,../dataset/ModelNet10/night_stand/test/night_stand_0255.off,../dataset/ModelNet10_attacked_filtered_le2048_pts_2048_lowpass_spec0125/night_stand/test/night_stand_0255.off,False,True,night_stand/test/night_stand_0255.npz
victim_models/dataset/ModelNet10/night_stand/test/night_stand_0258.off,6,6,4,230,night_stand_0258.off,../dataset/ModelNet10/night_stand/test/night_stand_0258.off,../dataset/ModelNet10_attacked_filtered_le2048_pts_2048_lowpass_spec0125/night_stand/test/night_stand_0258.off,False,True,night_stand/test/night_stand_0258.npz
victim_models/dataset/ModelNet10/night_stand/test/night_stand_0261.off,6,6,4,217,night_stand_0261.off,../dataset/ModelNet10/night_stand/test/night_stand_0261.off,../dataset/ModelNet10_attacked_filtered_le2048_pts_2048_lowpass_spec0125/night_stand/test/night_stand_0261.off,False,True,night_stand/test/night_stand_0261.npz
victim_models/dataset/ModelNet10/night_stand/test/night_stand_0264.off,6,4,6,116,night_stand_0264.off,../dataset/ModelNet10/night_stand/test/night_stand_0264.off,../dataset/ModelNet10_attacked_filtered_le2048_pts_2048_lowpass_spec0125/night_stand/test/night_stand_0264.off,True,True,night_stand/test/night_stand_0264.npz
victim_models/dataset/ModelNet10/night_stand/test/night_stand_0268.off,6,6,4,193,night_stand_0268.off,../dataset/ModelNet10/night_stand/test/night_stand_0268.off,../dataset/ModelNet10_attacked_filtered_le2048_pts_2048_lowpass_spec0125/night_stand/test/night_stand_0268.off,False,True,night_stand/test/night_stand_0268.npz
victim_models/dataset/ModelNet10/night_stand/test/night_stand_0272.off,6,2,6,191,night_stand_0272.off,../dataset/ModelNet10/night_stand/test/night_stand_0272.off,../dataset/ModelNet10_attacked_filtered_le2048_pts_2048_lowpass_spec0125/night_stand/test/night_stand_0272.off,True,True,night_stand/test/night_stand_0272.npz
victim_models/dataset/ModelNet10/night_stand/test/night_stand_0275.off,6,6,6,87,night_stand_0275.off,../dataset/ModelNet10/night_stand/test/night_stand_0275.off,../dataset/ModelNet10_attacked_filtered_le2048_pts_2048_lowpass_spec0125/night_stand/test/night_stand_0275.off,False,False,night_stand/test/night_stand_0275.npz
victim_models/dataset/ModelNet10/night_stand/test/night_stand_0282.off,6,6,4,85,night_stand_0282.off,../dataset/ModelNet10/night_stand/test/night_stand_0282.off,../dataset/ModelNet10_attacked_filtered_le2048_pts_2048_lowpass_spec0125/night_stand/test/night_stand_0282.off,False,True,night_stand/test/night_stand_0282.npz
victim_models/dataset/ModelNet10/night_stand/test/night_stand_0284.off,6,6,4,236,night_stand_0284.off,../dataset/ModelNet10/night_stand/test/night_stand_0284.off,../dataset/ModelNet10_attacked_filtered_le2048_pts_2048_lowpass_spec0125/night_stand/test/night_stand_0284.off,False,True,night_stand/test/night_stand_0284.npz
victim_models/dataset/ModelNet10/sofa/test/sofa_0683.off,7,3,7,117,sofa_0683.off,../dataset/ModelNet10/sofa/test/sofa_0683.off,../dataset/ModelNet10_attacked_filtered_le2048_pts_2048_lowpass_spec0125/sofa/test/sofa_0683.off,True,True,sofa/test/sofa_0683.npz
victim_models/dataset/ModelNet10/sofa/test/sofa_0687.off,7,7,3,35,sofa_0687.off,../dataset/ModelNet10/sofa/test/sofa_0687.off,../dataset/ModelNet10_attacked_filtered_le2048_pts_2048_lowpass_spec0125/sofa/test/sofa_0687.off,False,True,sofa/test/sofa_0687.npz
victim_models/dataset/ModelNet10/sofa/test/sofa_0690.off,7,7,3,150,sofa_0690.off,../dataset/ModelNet10/sofa/test/sofa_0690.off,../dataset/ModelNet10_attacked_filtered_le2048_pts_2048_lowpass_spec0125/sofa/test/sofa_0690.off,False,True,sofa/test/sofa_0690.npz
victim_models/dataset/ModelNet10/sofa/test/sofa_0693.off,7,7,3,117,sofa_0693.off,../dataset/ModelNet10/sofa/test/sofa_0693.off,../dataset/ModelNet10_attacked_filtered_le2048_pts_2048_lowpass_spec0125/sofa/test/sofa_0693.off,False,True,sofa/test/sofa_0693.npz
victim_models/dataset/ModelNet10/sofa/test/sofa_0699.off,7,7,3,18,sofa_0699.off,../dataset/ModelNet10/sofa/test/sofa_0699.off,../dataset/ModelNet10_attacked_filtered_le2048_pts_2048_lowpass_spec0125/sofa/test/sofa_0699.off,False,True,sofa/test/sofa_0699.npz
victim_models/dataset/ModelNet10/sofa/test/sofa_0704.off,7,7,0,72,sofa_0704.off,../dataset/ModelNet10/sofa/test/sofa_0704.off,../dataset/ModelNet10_attacked_filtered_le2048_pts_2048_lowpass_spec0125/sofa/test/sofa_0704.off,False,True,sofa/test/sofa_0704.npz
victim_models/dataset/ModelNet10/sofa/test/sofa_0710.off,7,7,3,150,sofa_0710.off,../dataset/ModelNet10/sofa/test/sofa_0710.off,../dataset/ModelNet10_attacked_filtered_le2048_pts_2048_lowpass_spec0125/sofa/test/sofa_0710.off,False,True,sofa/test/sofa_0710.npz
victim_models/dataset/ModelNet10/sofa/test/sofa_0720.off,7,7,3,31,sofa_0720.off,../dataset/ModelNet10/sofa/test/sofa_0720.off,../dataset/ModelNet10_attacked_filtered_le2048_pts_2048_lowpass_spec0125/sofa/test/sofa_0720.off,False,True,sofa/test/sofa_0720.npz
victim_models/dataset/ModelNet10/sofa/test/sofa_0737.off,7,7,3,14,sofa_0737.off,../dataset/ModelNet10/sofa/test/sofa_0737.off,../dataset/ModelNet10_attacked_filtered_le2048_pts_2048_lowpass_spec0125/sofa/test/sofa_0737.off,False,True,sofa/test/sofa_0737.npz
victim_models/dataset/ModelNet10/sofa/test/sofa_0740.off,7,7,0,150,sofa_0740.off,../dataset/ModelNet10/sofa/test/sofa_0740.off,../dataset/ModelNet10_attacked_filtered_le2048_pts_2048_lowpass_spec0125/sofa/test/sofa_0740.off,False,True,sofa/test/sofa_0740.npz
victim_models/dataset/ModelNet10/sofa/test/sofa_0742.off,7,7,3,102,sofa_0742.off,../dataset/ModelNet10/sofa/test/sofa_0742.off,../dataset/ModelNet10_attacked_filtered_le2048_pts_2048_lowpass_spec0125/sofa/test/sofa_0742.off,False,True,sofa/test/sofa_0742.npz
victim_models/dataset/ModelNet10/sofa/test/sofa_0755.off,7,1,7,127,sofa_0755.off,../dataset/ModelNet10/sofa/test/sofa_0755.off,../dataset/ModelNet10_attacked_filtered_le2048_pts_2048_lowpass_spec0125/sofa/test/sofa_0755.off,True,True,sofa/test/sofa_0755.npz
victim_models/dataset/ModelNet10/sofa/test/sofa_0757.off,7,7,3,156,sofa_0757.off,../dataset/ModelNet10/sofa/test/sofa_0757.off,../dataset/ModelNet10_attacked_filtered_le2048_pts_2048_lowpass_spec0125/sofa/test/sofa_0757.off,False,True,sofa/test/sofa_0757.npz
victim_models/dataset/ModelNet10/sofa/test/sofa_0761.off,7,7,1,75,sofa_0761.off,../dataset/ModelNet10/sofa/test/sofa_0761.off,../dataset/ModelNet10_attacked_filtered_le2048_pts_2048_lowpass_spec0125/sofa/test/sofa_0761.off,False,True,sofa/test/sofa_0761.npz
victim_models/dataset/ModelNet10/sofa/test/sofa_0763.off,7,7,8,34,sofa_0763.off,../dataset/ModelNet10/sofa/test/sofa_0763.off,../dataset/ModelNet10_attacked_filtered_le2048_pts_2048_lowpass_spec0125/sofa/test/sofa_0763.off,False,True,sofa/test/sofa_0763.npz
victim_models/dataset/ModelNet10/sofa/test/sofa_0769.off,7,3,7,59,sofa_0769.off,../dataset/ModelNet10/sofa/test/sofa_0769.off,../dataset/ModelNet10_attacked_filtered_le2048_pts_2048_lowpass_spec0125/sofa/test/sofa_0769.off,True,True,sofa/test/sofa_0769.npz
victim_models/dataset/ModelNet10/sofa/test/sofa_0773.off,7,7,3,38,sofa_0773.off,../dataset/ModelNet10/sofa/test/sofa_0773.off,../dataset/ModelNet10_attacked_filtered_le2048_pts_2048_lowpass_spec0125/sofa/test/sofa_0773.off,False,True,sofa/test/sofa_0773.npz
victim_models/dataset/ModelNet10/sofa/test/sofa_0779.off,7,7,3,154,sofa_0779.off,../dataset/ModelNet10/sofa/test/sofa_0779.off,../dataset/ModelNet10_attacked_filtered_le2048_pts_2048_lowpass_spec0125/sofa/test/sofa_0779.off,False,True,sofa/test/sofa_0779.npz
victim_models/dataset/ModelNet10/table/test/table_0395.off,8,8,3,36,table_0395.off,../dataset/ModelNet10/table/test/table_0395.off,../dataset/ModelNet10_attacked_filtered_le2048_pts_2048_lowpass_spec0125/table/test/table_0395.off,False,True,table/test/table_0395.npz
victim_models/dataset/ModelNet10/table/test/table_0398.off,8,8,1,37,table_0398.off,../dataset/ModelNet10/table/test/table_0398.off,../dataset/ModelNet10_attacked_filtered_le2048_pts_2048_lowpass_spec0125/table/test/table_0398.off,False,True,table/test/table_0398.npz
victim_models/dataset/ModelNet10/table/test/table_0403.off,8,8,7,56,table_0403.off,../dataset/ModelNet10/table/test/table_0403.off,../dataset/ModelNet10_attacked_filtered_le2048_pts_2048_lowpass_spec0125/table/test/table_0403.off,False,True,table/test/table_0403.npz
victim_models/dataset/ModelNet10/table/test/table_0405.off,8,8,3,197,table_0405.off,../dataset/ModelNet10/table/test/table_0405.off,../dataset/ModelNet10_attacked_filtered_le2048_pts_2048_lowpass_spec0125/table/test/table_0405.off,False,True,table/test/table_0405.npz
victim_models/dataset/ModelNet10/table/test/table_0409.off,8,3,6,173,table_0409.off,../dataset/ModelNet10/table/test/table_0409.off,../dataset/ModelNet10_attacked_filtered_le2048_pts_2048_lowpass_spec0125/table/test/table_0409.off,True,True,table/test/table_0409.npz
victim_models/dataset/ModelNet10/table/test/table_0411.off,8,1,7,194,table_0411.off,../dataset/ModelNet10/table/test/table_0411.off,../dataset/ModelNet10_attacked_filtered_le2048_pts_2048_lowpass_spec0125/table/test/table_0411.off,True,True,table/test/table_0411.npz
victim_models/dataset/ModelNet10/table/test/table_0414.off,8,8,8,24,table_0414.off,../dataset/ModelNet10/table/test/table_0414.off,../dataset/ModelNet10_attacked_filtered_le2048_pts_2048_lowpass_spec0125/table/test/table_0414.off,False,False,table/test/table_0414.npz
victim_models/dataset/ModelNet10/table/test/table_0416.off,8,8,1,30,table_0416.off,../dataset/ModelNet10/table/test/table_0416.off,../dataset/ModelNet10_attacked_filtered_le2048_pts_2048_lowpass_spec0125/table/test/table_0416.off,False,True,table/test/table_0416.npz
victim_models/dataset/ModelNet10/table/test/table_0419.off,8,8,1,54,table_0419.off,../dataset/ModelNet10/table/test/table_0419.off,../dataset/ModelNet10_attacked_filtered_le2048_pts_2048_lowpass_spec0125/table/test/table_0419.off,False,True,table/test/table_0419.npz
victim_models/dataset/ModelNet10/table/test/table_0422.off,8,8,6,171,table_0422.off,../dataset/ModelNet10/table/test/table_0422.off,../dataset/ModelNet10_attacked_filtered_le2048_pts_2048_lowpass_spec0125/table/test/table_0422.off,False,True,table/test/table_0422.npz
victim_models/dataset/ModelNet10/table/test/table_0425.off,8,8,6,34,table_0425.off,../dataset/ModelNet10/table/test/table_0425.off,../dataset/ModelNet10_attacked_filtered_le2048_pts_2048_lowpass_spec0125/table/test/table_0425.off,False,True,table/test/table_0425.npz
victim_models/dataset/ModelNet10/table/test/table_0428.off,8,8,1,63,table_0428.off,../dataset/ModelNet10/table/test/table_0428.off,../dataset/ModelNet10_attacked_filtered_le2048_pts_2048_lowpass_spec0125/table/test/table_0428.off,False,True,table/test/table_0428.npz
victim_models/dataset/ModelNet10/table/test/table_0430.off,8,3,3,88,table_0430.off,../dataset/ModelNet10/table/test/table_0430.off,../dataset/ModelNet10_attacked_filtered_le2048_pts_2048_lowpass_spec0125/table/test/table_0430.off,True,False,table/test/table_0430.npz
victim_models/dataset/ModelNet10/table/test/table_0434.off,8,8,1,54,table_0434.off,../dataset/ModelNet10/table/test/table_0434.off,../dataset/ModelNet10_attacked_filtered_le2048_pts_2048_lowpass_spec0125/table/test/table_0434.off,False,True,table/test/table_0434.npz
victim_models/dataset/ModelNet10/table/test/table_0436.off,8,8,3,74,table_0436.off,../dataset/ModelNet10/table/test/table_0436.off,../dataset/ModelNet10_attacked_filtered_le2048_pts_2048_lowpass_spec0125/table/test/table_0436.off,False,True,table/test/table_0436.npz
victim_models/dataset/ModelNet10/table/test/table_0438.off,8,3,3,100,table_0438.off,../dataset/ModelNet10/table/test/table_0438.off,../dataset/ModelNet10_attacked_filtered_le2048_pts_2048_lowpass_spec0125/table/test/table_0438.off,True,False,table/test/table_0438.npz
victim_models/dataset/ModelNet10/table/test/table_0440.off,8,8,6,66,table_0440.off,../dataset/ModelNet10/table/test/table_0440.off,../dataset/ModelNet10_attacked_filtered_le2048_pts_2048_lowpass_spec0125/table/test/table_0440.off,False,True,table/test/table_0440.npz
victim_models/dataset/ModelNet10/table/test/table_0443.off,8,8,3,72,table_0443.off,../dataset/ModelNet10/table/test/table_0443.off,../dataset/ModelNet10_attacked_filtered_le2048_pts_2048_lowpass_spec0125/table/test/table_0443.off,False,True,table/test/table_0443.npz
victim_models/dataset/ModelNet10/table/test/table_0446.off,8,8,2,102,table_0446.off,../dataset/ModelNet10/table/test/table_0446.off,../dataset/ModelNet10_attacked_filtered_le2048_pts_2048_lowpass_spec0125/table/test/table_0446.off,False,True,table/test/table_0446.npz
victim_models/dataset/ModelNet10/table/test/table_0450.off,8,6,4,139,table_0450.off,../dataset/ModelNet10/table/test/table_0450.off,../dataset/ModelNet10_attacked_filtered_le2048_pts_2048_lowpass_spec0125/table/test/table_0450.off,True,True,table/test/table_0450.npz
victim_models/dataset/ModelNet10/table/test/table_0454.off,8,8,1,19,table_0454.off,../dataset/ModelNet10/table/test/table_0454.off,../dataset/ModelNet10_attacked_filtered_le2048_pts_2048_lowpass_spec0125/table/test/table_0454.off,False,True,table/test/table_0454.npz
victim_models/dataset/ModelNet10/table/test/table_0456.off,8,3,8,89,table_0456.off,../dataset/ModelNet10/table/test/table_0456.off,../dataset/ModelNet10_attacked_filtered_le2048_pts_2048_lowpass_spec0125/table/test/table_0456.off,True,True,table/test/table_0456.npz
victim_models/dataset/ModelNet10/table/test/table_0460.off,8,3,6,186,table_0460.off,../dataset/ModelNet10/table/test/table_0460.off,../dataset/ModelNet10_attacked_filtered_le2048_pts_2048_lowpass_spec0125/table/test/table_0460.off,True,True,table/test/table_0460.npz
victim_models/dataset/ModelNet10/table/test/table_0463.off,8,8,3,19,table_0463.off,../dataset/ModelNet10/table/test/table_0463.off,../dataset/ModelNet10_attacked_filtered_le2048_pts_2048_lowpass_spec0125/table/test/table_0463.off,False,True,table/test/table_0463.npz
victim_models/dataset/ModelNet10/table/test/table_0466.off,8,8,3,21,table_0466.off,../dataset/ModelNet10/table/test/table_0466.off,../dataset/ModelNet10_attacked_filtered_le2048_pts_2048_lowpass_spec0125/table/test/table_0466.off,False,True,table/test/table_0466.npz
victim_models/dataset/ModelNet10/table/test/table_0471.off,8,8,3,46,table_0471.off,../dataset/ModelNet10/table/test/table_0471.off,../dataset/ModelNet10_attacked_filtered_le2048_pts_2048_lowpass_spec0125/table/test/table_0471.off,False,True,table/test/table_0471.npz
victim_models/dataset/ModelNet10/table/test/table_0474.off,8,8,3,70,table_0474.off,../dataset/ModelNet10/table/test/table_0474.off,../dataset/ModelNet10_attacked_filtered_le2048_pts_2048_lowpass_spec0125/table/test/table_0474.off,False,True,table/test/table_0474.npz
victim_models/dataset/ModelNet10/table/test/table_0476.off,8,8,5,23,table_0476.off,../dataset/ModelNet10/table/test/table_0476.off,../dataset/ModelNet10_attacked_filtered_le2048_pts_2048_lowpass_spec0125/table/test/table_0476.off,False,True,table/test/table_0476.npz
victim_models/dataset/ModelNet10/table/test/table_0479.off,8,8,3,89,table_0479.off,../dataset/ModelNet10/table/test/table_0479.off,../dataset/ModelNet10_attacked_filtered_le2048_pts_2048_lowpass_spec0125/table/test/table_0479.off,False,True,table/test/table_0479.npz
victim_models/dataset/ModelNet10/table/test/table_0481.off,8,8,7,48,table_0481.off,../dataset/ModelNet10/table/test/table_0481.off,../dataset/ModelNet10_attacked_filtered_le2048_pts_2048_lowpass_spec0125/table/test/table_0481.off,False,True,table/test/table_0481.npz
victim_models/dataset/ModelNet10/table/test/table_0484.off,8,8,1,141,table_0484.off,../dataset/ModelNet10/table/test/table_0484.off,../dataset/ModelNet10_attacked_filtered_le2048_pts_2048_lowpass_spec0125/table/test/table_0484.off,False,True,table/test/table_0484.npz
victim_models/dataset/ModelNet10/table/test/table_0487.off,8,3,8,80,table_0487.off,../dataset/ModelNet10/table/test/table_0487.off,../dataset/ModelNet10_attacked_filtered_le2048_pts_2048_lowpass_spec0125/table/test/table_0487.off,True,True,table/test/table_0487.npz
victim_models/dataset/ModelNet10/table/test/table_0489.off,8,8,6,15,table_0489.off,../dataset/ModelNet10/table/test/table_0489.off,../dataset/ModelNet10_attacked_filtered_le2048_pts_2048_lowpass_spec0125/table/test/table_0489.off,False,True,table/test/table_0489.npz
victim_models/dataset/ModelNet10/table/test/table_0491.off,8,8,6,22,table_0491.off,../dataset/ModelNet10/table/test/table_0491.off,../dataset/ModelNet10_attacked_filtered_le2048_pts_2048_lowpass_spec0125/table/test/table_0491.off,False,True,table/test/table_0491.npz
victim_models/dataset/ModelNet10/toilet/test/toilet_0348.off,9,9,2,101,toilet_0348.off,../dataset/ModelNet10/toilet/test/toilet_0348.off,../dataset/ModelNet10_attacked_filtered_le2048_pts_2048_lowpass_spec0125/toilet/test/toilet_0348.off,False,True,toilet/test/toilet_0348.npz
victim_models/dataset/ModelNet10/toilet/test/toilet_0354.off,9,9,9,59,toilet_0354.off,../dataset/ModelNet10/toilet/test/toilet_0354.off,../dataset/ModelNet10_attacked_filtered_le2048_pts_2048_lowpass_spec0125/toilet/test/toilet_0354.off,False,False,toilet/test/toilet_0354.npz
victim_models/dataset/ModelNet10/toilet/test/toilet_0362.off,9,9,0,203,toilet_0362.off,../dataset/ModelNet10/toilet/test/toilet_0362.off,../dataset/ModelNet10_attacked_filtered_le2048_pts_2048_lowpass_spec0125/toilet/test/toilet_0362.off,False,True,toilet/test/toilet_0362.npz
victim_models/dataset/ModelNet10/toilet/test/toilet_0380.off,9,9,9,180,toilet_0380.off,../dataset/ModelNet10/toilet/test/toilet_0380.off,../dataset/ModelNet10_attacked_filtered_le2048_pts_2048_lowpass_spec0125/toilet/test/toilet_0380.off,False,False,toilet/test/toilet_0380.npz
victim_models/dataset/ModelNet10/toilet/test/toilet_0390.off,9,2,9,84,toilet_0390.off,../dataset/ModelNet10/toilet/test/toilet_0390.off,../dataset/ModelNet10_attacked_filtered_le2048_pts_2048_lowpass_spec0125/toilet/test/toilet_0390.off,True,True,toilet/test/toilet_0390.npz
victim_models/dataset/ModelNet10/toilet/test/toilet_0402.off,9,9,2,117,toilet_0402.off,../dataset/ModelNet10/toilet/test/toilet_0402.off,../dataset/ModelNet10_attacked_filtered_le2048_pts_2048_lowpass_spec0125/toilet/test/toilet_0402.off,False,True,toilet/test/toilet_0402.npz
victim_models/dataset/ModelNet10/toilet/test/toilet_0410.off,9,9,2,232,toilet_0410.off,../dataset/ModelNet10/toilet/test/toilet_0410.off,../dataset/ModelNet10_attacked_filtered_le2048_pts_2048_lowpass_spec0125/toilet/test/toilet_0410.off,False,True,toilet/test/toilet_0410.npz
victim_models/dataset/ModelNet10/toilet/test/toilet_0430.off,9,2,9,102,toilet_0430.off,../dataset/ModelNet10/toilet/test/toilet_0430.off,../dataset/ModelNet10_attacked_filtered_le2048_pts_2048_lowpass_spec0125/toilet/test/toilet_0430.off,True,True,toilet/test/toilet_0430.npz
victim_models/dataset/ModelNet10/toilet/test/toilet_0437.off,9,9,9,62,toilet_0437.off,../dataset/ModelNet10/toilet/test/toilet_0437.off,../dataset/ModelNet10_attacked_filtered_le2048_pts_2048_lowpass_spec0125/toilet/test/toilet_0437.off,False,False,toilet/test/toilet_0437.npz
